ICOUNT,CYCLES
10,83.51
10,183.34
10,82.57
10,183.52
10,82.77
10,182.43
10,83.40
10,82.66
10,182.10
10,82.32
10,181.86
10,82.57
10,82.32
10,181.85
10,82.27
10,181.96
10,82.90
10,82.15
10,182.61
10,82.38
10,194.36
10,82.25
10,181.86
10,82.20
10,82.01
10,182.51
10,82.36
10,182.08
10,82.39
10,81.74
10,182.29
10,82.10
10,181.51
10,81.80
10,81.73
10,181.94
10,81.51
10,181.97
10,81.69
10,194.92
10,83.15
10,82.36
10,182.24
10,81.88
10,182.58
10,81.99
10,82.37
10,182.11
10,81.80
10,182.05
12,85.20
12,185.03
12,84.74
12,184.83
12,84.52
12,85.28
12,185.30
12,85.04
12,84.75
12,197.35
12,85.93
12,198.26
12,85.66
12,197.81
12,84.93
12,84.85
12,185.60
12,85.37
12,185.32
12,85.64
12,185.60
12,85.60
12,85.20
12,185.61
12,85.25
12,148.29
12,85.02
12,197.63
12,85.18
12,85.43
12,197.87
12,85.74
12,197.94
12,85.08
12,84.72
12,197.91
12,85.48
12,185.45
12,85.26
12,184.89
12,85.56
12,85.52
12,185.35
12,85.20
12,185.14
12,84.68
12,197.79
12,85.18
12,85.23
12,185.22
14,168.92
14,69.30
14,68.83
14,169.51
14,69.19
14,68.65
14,169.22
14,68.59
14,69.35
14,181.06
14,69.18
14,68.88
14,170.73
14,69.72
14,169.91
14,69.39
14,68.89
14,169.50
14,68.85
14,69.45
14,168.98
14,69.28
14,69.19
14,169.71
14,69.29
14,69.72
14,169.23
14,68.60
14,69.40
14,168.65
14,69.25
14,68.86
14,169.35
14,68.66
14,69.31
14,181.30
14,69.34
14,69.05
14,169.82
14,69.28
14,169.84
14,69.26
14,68.75
14,169.40
14,68.76
14,69.32
14,168.83
14,69.47
14,69.04
14,169.54
16,87.06
16,86.81
16,199.52
16,86.80
16,199.54
16,86.81
16,199.35
16,86.68
16,87.81
16,187.77
16,87.65
16,86.65
16,199.88
16,87.76
16,199.90
16,87.53
16,200.07
16,87.42
16,187.70
16,87.25
16,87.58
16,187.50
16,87.61
16,187.36
16,87.42
16,187.28
16,87.18
16,87.15
16,187.32
16,87.61
16,187.50
16,87.68
16,187.58
16,87.62
16,200.24
16,87.33
16,87.48
16,187.50
16,87.63
16,187.54
16,87.67
16,169.16
16,87.18
16,87.28
16,199.81
16,87.17
16,200.53
16,87.72
16,187.10
16,87.19
18,193.65
18,81.07
18,80.88
18,182.89
18,82.66
18,181.43
18,81.73
18,81.16
18,181.37
18,81.04
18,181.65
18,80.90
18,81.23
18,180.69
18,81.09
18,180.61
18,81.43
18,81.09
18,181.27
18,80.79
18,194.05
18,81.11
18,181.24
18,81.09
18,81.19
18,181.03
18,81.72
18,180.76
18,81.25
18,80.66
18,181.09
18,80.62
18,180.98
18,80.52
18,80.88
18,181.20
18,80.80
18,181.95
18,84.17
18,81.01
18,193.93
18,80.66
18,81.24
18,193.69
18,81.23
18,181.16
18,82.46
18,82.01
18,182.23
18,81.29
20,57.29
20,56.80
20,157.61
20,57.06
20,56.51
20,157.22
20,56.50
20,57.13
20,56.74
20,157.43
20,56.91
20,57.68
20,157.14
20,56.55
20,57.30
20,56.71
20,157.41
20,56.81
20,57.58
20,169.58
20,56.43
20,57.17
20,56.59
20,157.33
20,56.70
20,57.38
20,156.89
20,57.53
20,57.23
20,56.69
20,157.38
20,56.76
20,57.54
20,157.10
20,56.41
20,57.20
20,56.60
20,157.23
20,56.60
20,57.34
20,156.71
20,57.49
20,57.10
20,56.51
20,157.15
20,56.52
20,57.18
20,169.20
20,57.43
20,56.90
22,183.13
22,82.67
22,183.05
22,84.68
22,82.54
22,182.96
22,82.63
22,194.80
22,82.82
22,182.58
22,82.01
22,82.61
22,182.20
22,82.64
22,182.72
22,82.37
22,82.90
22,182.51
22,83.10
22,182.69
22,82.22
22,82.80
22,182.12
22,82.85
22,182.46
22,82.13
22,195.08
22,82.48
22,83.12
22,182.60
22,82.26
22,182.67
22,82.24
22,82.96
22,182.55
22,82.26
22,183.27
22,83.27
22,82.73
22,183.18
22,82.81
22,194.97
22,82.99
22,82.49
22,184.02
22,83.57
22,183.75
22,82.99
22,183.27
22,82.70
24,204.18
24,91.51
24,91.33
24,191.69
24,90.92
24,203.74
24,91.42
24,192.41
24,91.71
24,191.43
24,90.77
24,191.12
24,91.29
24,190.85
24,91.01
24,91.45
24,191.76
24,91.10
24,191.38
24,91.81
24,191.06
24,91.20
24,204.18
24,91.00
24,191.21
24,91.47
24,90.78
24,190.74
24,91.11
24,191.44
24,90.99
24,191.22
24,91.39
24,190.70
24,91.04
24,191.19
24,91.67
24,91.15
24,191.28
24,91.61
24,190.89
24,91.18
24,203.87
24,90.81
24,191.20
24,91.12
24,191.45
24,91.00
24,91.29
24,191.60
26,199.33
26,86.83
26,186.86
26,86.70
26,86.60
26,186.47
26,86.43
26,186.69
26,86.76
26,186.47
26,87.29
26,86.96
26,187.29
26,87.22
26,187.11
26,86.78
26,186.78
26,87.12
26,199.69
26,87.41
26,86.90
26,174.31
26,86.83
26,187.19
26,86.89
26,186.91
26,87.07
26,200.73
26,87.46
26,86.91
26,186.79
26,86.69
26,186.64
26,86.63
26,186.61
26,86.87
26,86.28
26,186.95
26,87.25
26,187.04
26,87.08
26,186.92
26,86.97
26,86.93
26,186.82
26,86.89
26,199.54
26,87.11
26,186.86
26,86.73
28,186.23
28,86.56
28,186.14
28,85.92
28,198.30
28,86.76
28,86.53
28,186.51
28,86.14
28,186.33
28,86.41
28,186.07
28,86.19
28,86.16
28,186.38
28,85.78
28,186.26
28,86.31
28,186.41
28,86.23
28,86.12
28,186.02
28,85.96
28,198.54
28,85.81
28,186.45
28,86.99
28,86.63
28,186.45
28,86.44
28,186.47
28,86.62
28,186.16
28,86.23
28,186.05
28,85.97
28,85.86
28,186.49
28,86.30
28,186.30
28,86.15
28,198.78
28,86.32
28,86.29
28,186.17
28,86.24
28,186.32
28,86.98
28,186.65
28,87.48
30,66.00
30,128.73
30,66.36
30,67.10
30,178.77
30,67.04
30,66.22
30,166.34
30,66.89
30,67.46
30,166.53
30,68.24
30,67.67
30,167.41
30,67.53
30,66.53
30,167.40
30,67.23
30,67.13
30,167.47
30,66.79
30,67.27
30,167.53
30,66.51
30,66.87
30,165.92
30,66.13
30,66.51
30,179.51
30,66.04
30,66.43
30,166.85
30,66.20
30,66.40
30,166.87
30,65.98
30,66.35
30,166.77
30,65.93
30,134.01
30,65.96
30,83.28
30,65.91
30,66.16
30,179.18
30,65.86
30,66.04
30,178.77
30,66.90
30,65.87
32,87.91
32,187.72
32,87.91
32,187.74
32,88.09
32,87.90
32,188.01
32,88.14
32,188.13
32,88.24
32,188.34
32,88.24
32,88.68
32,188.51
32,88.42
32,201.37
32,88.35
32,188.50
32,88.52
32,188.10
32,88.15
32,88.37
32,188.13
32,88.28
32,188.41
32,88.35
32,188.35
32,88.46
32,188.62
32,88.87
32,88.03
32,187.77
32,88.08
32,188.05
32,88.13
32,200.72
32,88.46
32,188.44
32,89.37
32,89.36
32,188.74
32,89.01
32,188.38
32,88.27
32,88.01
32,200.71
32,87.86
32,200.43
32,88.20
32,188.25
34,89.51
34,189.15
34,89.74
34,188.72
34,89.04
34,189.06
34,89.05
34,189.19
34,89.12
34,202.24
34,88.82
34,88.89
34,188.91
34,89.11
34,189.19
34,89.24
34,189.41
34,89.08
34,188.83
34,89.04
34,89.18
34,190.11
34,90.84
34,190.25
34,88.96
34,189.21
34,89.23
34,201.93
34,89.30
34,89.91
34,189.08
34,89.02
34,189.13
34,89.06
34,189.33
34,89.51
34,189.96
34,89.30
34,89.25
34,189.37
34,89.59
34,189.39
34,89.55
34,188.93
34,89.04
34,201.90
34,89.14
34,89.46
34,189.68
34,90.19
36,178.44
36,77.50
36,77.72
36,177.49
36,77.92
36,178.23
36,77.46
36,77.73
36,190.34
36,78.11
36,178.65
36,78.39
36,78.34
36,178.51
36,77.80
36,177.90
36,78.06
36,78.23
36,178.21
36,79.74
36,179.47
36,78.42
36,153.42
36,78.55
36,77.76
36,177.84
36,78.06
36,178.49
36,78.41
36,77.93
36,178.86
36,79.33
36,178.18
36,77.93
36,78.31
36,178.61
36,77.94
36,78.72
36,191.91
36,78.33
36,178.32
36,78.46
36,78.52
36,177.95
36,77.85
36,177.95
36,78.21
36,77.87
36,177.67
36,77.89
38,94.13
38,194.48
38,94.10
38,194.47
38,94.36
38,193.96
38,94.09
38,193.93
38,94.03
38,193.86
38,94.01
38,193.93
38,94.05
38,93.79
38,206.53
38,93.66
38,193.95
38,93.52
38,193.85
38,93.81
38,194.00
38,93.87
38,194.05
38,93.56
38,194.17
38,93.42
38,194.05
38,93.25
38,194.04
38,93.62
38,93.86
38,205.78
38,93.90
38,193.55
38,93.74
38,193.56
38,93.74
38,193.43
38,93.88
38,193.24
38,93.77
38,193.45
38,93.58
38,193.46
38,93.89
38,93.62
38,193.88
38,93.45
38,206.32
38,93.43
40,94.43
40,207.24
40,94.63
40,207.48
40,94.56
40,194.21
40,94.46
40,194.40
40,94.70
40,94.20
40,194.77
40,94.46
40,195.13
40,94.54
40,206.67
40,94.48
40,194.16
40,94.65
40,194.32
40,95.01
40,194.64
40,94.29
40,194.60
40,94.14
40,194.75
40,94.10
40,194.78
40,94.56
40,94.70
40,194.75
40,94.25
40,207.23
40,94.25
40,194.81
40,94.36
40,195.17
40,94.65
40,194.45
40,94.73
40,194.38
40,94.86
40,194.44
40,94.78
40,194.96
40,94.41
40,194.67
40,94.20
40,94.70
40,206.95
40,94.91
42,89.63
42,189.46
42,89.71
42,189.83
42,90.25
42,189.30
42,89.38
42,89.52
42,202.02
42,89.67
42,190.09
42,89.32
42,189.90
42,89.92
42,190.59
42,90.54
42,189.84
42,89.88
42,89.73
42,190.21
42,90.26
42,190.01
42,90.63
42,190.43
42,90.81
42,202.50
42,89.83
42,90.04
42,190.17
42,91.02
42,89.92
42,203.12
42,90.67
42,203.29
42,89.75
42,202.47
42,90.06
42,203.08
42,89.62
42,89.84
42,190.01
42,90.04
42,203.04
42,89.31
42,189.48
42,89.57
42,189.68
42,89.98
42,90.44
42,189.44
44,89.41
44,201.89
44,89.60
44,202.13
44,90.19
44,189.30
44,89.36
44,189.99
44,90.63
44,190.46
44,89.43
44,89.41
44,189.68
44,89.65
44,189.90
44,90.32
44,189.52
44,89.42
44,202.41
44,90.07
44,90.15
44,189.59
44,89.32
44,189.60
44,89.77
44,189.75
44,90.56
44,189.68
44,89.76
44,90.52
44,190.37
44,89.46
44,189.53
44,89.68
44,189.85
44,89.90
44,202.59
44,89.22
44,189.57
44,89.53
44,89.75
44,189.92
44,89.12
44,189.31
44,89.36
44,189.82
44,90.54
44,190.23
44,89.20
44,89.54
46,91.70
46,203.34
46,91.23
46,191.07
46,91.89
46,191.14
46,91.79
46,91.65
46,191.65
46,92.12
46,192.24
46,91.44
46,204.01
46,91.80
46,191.51
46,91.72
46,191.92
46,91.06
46,91.62
46,191.60
46,91.03
46,191.28
46,91.58
46,191.05
46,91.29
46,191.58
46,90.77
46,191.24
46,91.59
46,203.34
46,90.82
46,91.21
46,191.61
46,91.02
46,191.04
46,91.39
46,191.07
46,91.02
46,191.69
46,92.91
46,191.75
46,91.71
46,91.12
46,191.23
46,91.67
46,190.82
46,91.13
46,204.13
46,92.02
46,191.02
48,98.87
48,198.62
48,98.38
48,211.66
48,99.08
48,199.12
48,99.19
48,199.19
48,99.15
48,199.08
48,99.01
48,199.15
48,98.91
48,199.03
48,99.48
48,199.70
48,99.59
48,98.98
48,200.22
48,212.83
48,99.06
48,100.50
48,200.46
48,98.97
48,199.87
48,99.86
48,199.53
48,174.42
48,99.58
48,199.73
48,99.68
48,199.74
48,162.18
48,99.47
48,199.37
48,99.46
48,199.95
48,99.85
48,199.31
48,99.39
48,199.58
48,99.77
48,199.84
48,99.80
48,212.27
48,99.27
48,199.42
48,99.79
48,199.40
48,99.43
50,91.26
50,204.08
50,90.92
50,191.11
50,91.31
50,91.15
50,191.14
50,91.57
50,190.73
50,90.84
50,191.00
50,92.26
50,192.25
50,92.01
50,192.25
50,91.67
50,192.06
50,91.15
50,91.40
50,203.94
50,91.79
50,191.20
50,91.34
50,191.99
50,91.31
50,191.76
50,92.33
50,191.40
50,91.67
50,91.83
50,190.94
50,91.54
50,191.96
50,91.08
50,191.44
50,91.92
50,203.51
50,91.32
50,191.92
50,90.94
50,91.34
50,191.92
50,90.99
50,191.75
50,92.20
50,190.95
50,91.38
50,191.80
50,90.97
50,191.29
52,65.60
52,165.38
52,65.79
52,64.30
52,164.45
52,64.71
52,65.30
52,166.36
52,63.47
52,64.04
52,64.43
52,65.19
52,178.24
52,66.25
52,64.39
52,177.16
52,65.03
52,65.80
52,176.24
52,63.79
52,64.52
52,177.05
52,64.80
52,65.87
52,163.69
52,64.12
52,64.50
52,164.86
52,65.19
52,65.88
52,163.87
52,64.02
52,64.67
52,165.16
52,65.29
52,66.31
52,164.29
52,64.34
52,65.28
52,166.02
52,63.59
52,63.98
52,64.53
52,164.51
52,65.12
52,66.01
52,176.26
52,64.24
52,64.56
52,164.67
54,100.47
54,200.11
54,99.59
54,212.41
54,99.45
54,199.82
54,99.90
54,199.84
54,99.92
54,199.71
54,99.42
54,199.89
54,99.80
54,199.87
54,99.42
54,199.52
54,101.33
54,199.71
54,99.54
54,212.43
54,99.85
54,199.64
54,99.67
54,201.26
54,99.90
54,199.88
54,99.10
54,199.49
54,101.56
54,199.84
54,100.05
54,199.84
54,99.16
54,199.48
54,102.07
54,212.53
54,99.37
54,200.16
54,99.18
54,199.69
54,99.57
54,200.01
54,98.97
54,201.36
54,99.89
54,199.55
54,101.35
54,199.84
54,99.91
54,99.66
56,108.77
56,208.12
56,107.38
56,107.90
56,220.37
56,106.94
56,220.62
56,219.80
56,107.82
56,219.96
56,106.96
56,207.81
56,107.11
56,207.79
56,107.47
56,207.11
56,107.64
56,207.15
56,107.55
56,207.75
56,207.17
56,108.19
56,219.64
56,107.85
56,207.87
56,107.74
56,208.10
56,107.71
56,207.21
56,107.74
56,207.97
56,108.11
56,207.47
56,207.14
56,107.50
56,207.13
56,108.07
56,220.15
56,107.06
56,207.75
56,107.14
56,207.93
56,107.33
56,207.44
56,108.42
56,208.48
56,208.45
56,108.25
56,207.93
56,107.62
58,202.77
58,102.50
58,203.15
58,203.62
58,102.47
58,202.73
58,103.51
58,216.10
58,103.30
58,202.94
58,102.80
58,203.24
58,102.23
58,202.55
58,103.01
58,203.17
58,102.18
58,202.64
58,102.33
58,202.61
58,103.29
58,202.34
58,102.45
58,215.23
58,103.11
58,202.48
58,102.14
58,202.56
58,102.99
58,203.37
58,102.03
58,202.47
58,102.61
58,202.68
58,103.30
58,202.33
58,102.52
58,202.77
58,215.70
58,102.55
58,202.59
58,102.61
58,202.75
58,103.04
58,202.57
58,102.41
58,202.75
58,102.82
58,203.36
58,102.77
60,203.26
60,103.33
60,203.51
60,103.98
60,203.17
60,103.50
60,204.59
60,103.59
60,203.70
60,203.89
60,103.32
60,215.95
60,104.64
60,203.95
60,103.74
60,178.85
60,104.25
60,203.32
60,103.56
60,204.50
60,103.92
60,203.97
60,204.60
60,103.76
60,204.88
60,104.99
60,216.29
60,104.26
60,204.67
60,103.53
60,203.86
60,104.29
60,203.56
60,103.61
60,204.55
60,103.25
60,203.59
60,104.07
60,203.17
60,103.61
60,203.64
60,104.20
60,216.04
60,103.67
60,204.68
60,103.38
60,203.55
60,204.06
60,103.36
60,203.63
62,224.55
62,111.88
62,211.99
62,111.98
62,211.63
62,211.44
62,111.63
62,211.47
62,111.02
62,212.14
62,112.15
62,212.06
62,111.70
62,224.40
62,211.99
62,111.56
62,211.94
62,111.52
62,211.47
62,111.35
62,211.54
62,211.19
62,111.31
62,211.22
62,112.03
62,212.23
62,112.08
62,224.64
62,111.83
62,212.61
62,211.90
62,111.63
62,211.65
62,111.70
62,111.92
62,224.17
62,224.07
62,111.85
62,224.29
62,112.74
62,212.54
62,111.30
62,211.80
62,211.58
62,111.37
62,211.04
62,112.00
62,174.47
62,111.53
62,224.11
64,114.05
64,214.20
64,114.41
64,227.03
64,114.44
64,214.71
64,213.96
64,114.26
64,214.24
64,114.52
64,214.70
64,115.46
64,214.07
64,213.98
64,114.23
64,214.12
64,114.39
64,226.72
64,114.76
64,213.71
64,213.95
64,114.22
64,214.06
64,114.64
64,214.58
64,114.74
64,213.74
64,213.86
64,113.96
64,214.02
64,113.90
64,226.77
64,114.22
64,213.56
64,213.98
64,113.52
64,214.27
64,114.32
64,214.19
64,114.19
64,214.81
64,213.79
64,114.54
64,214.16
64,114.14
64,226.69
64,114.23
64,214.72
64,213.95
64,113.69
66,115.66
66,216.19
66,114.95
66,226.46
66,114.34
66,226.71
66,114.45
66,227.09
66,113.88
66,226.42
66,114.10
66,226.75
66,114.31
66,226.83
66,114.35
66,227.06
66,226.46
66,113.73
66,213.97
66,114.41
66,226.96
66,114.51
66,214.84
66,214.64
66,114.40
66,214.75
66,114.72
66,215.76
66,214.19
66,114.38
66,214.35
66,114.52
66,214.59
66,114.76
66,226.71
66,213.87
66,114.03
66,214.46
66,114.30
66,214.21
66,114.67
66,214.06
66,214.05
66,114.15
66,213.87
66,113.99
66,214.18
66,114.40
66,214.48
66,227.13
68,211.12
68,98.37
68,211.06
68,98.84
68,210.74
68,98.63
68,198.43
68,99.10
68,198.79
68,98.21
68,198.70
68,98.64
68,198.28
68,97.98
68,210.34
68,98.31
68,198.47
68,98.18
68,198.02
68,97.73
68,172.62
68,97.41
68,198.69
68,98.41
68,198.12
68,97.86
68,197.73
68,97.43
68,198.48
68,98.17
68,210.35
68,97.59
68,197.75
68,97.34
68,198.22
68,98.05
68,197.98
68,97.77
68,197.64
68,97.32
68,198.17
68,97.83
68,197.74
68,97.62
68,97.33
68,198.58
68,98.45
68,210.66
68,98.39
68,197.73
70,115.77
70,215.56
70,215.84
70,115.19
70,215.31
70,115.71
70,215.64
70,115.16
70,228.15
70,215.65
70,116.34
70,215.47
70,115.31
70,215.22
70,115.63
70,214.68
70,214.57
70,114.41
70,214.89
70,115.23
70,226.87
70,114.92
70,215.09
70,215.04
70,116.07
70,214.57
70,114.08
70,214.14
70,114.75
70,215.40
70,214.52
70,114.49
70,214.69
70,114.95
70,227.70
70,215.56
70,115.30
70,214.95
70,115.20
70,115.59
70,227.61
70,227.41
70,115.01
70,227.82
70,115.74
70,214.84
70,114.74
70,215.84
70,228.03
70,114.37
72,217.93
72,117.99
72,230.71
72,118.33
72,217.87
72,217.89
72,117.61
72,217.89
72,118.23
72,217.87
72,218.08
72,117.57
72,218.12
72,118.10
72,218.28
72,230.38
72,118.02
72,218.28
72,119.20
72,220.89
72,219.45
72,119.54
72,219.81
72,118.98
72,220.52
72,221.12
72,121.25
72,222.60
72,122.42
72,233.29
72,119.60
72,231.90
72,221.38
72,120.94
72,220.12
72,119.32
72,219.99
72,221.62
72,121.32
72,221.10
72,121.63
72,222.68
72,220.93
72,120.41
72,232.41
72,118.92
72,219.13
72,218.30
72,118.76
72,218.34
74,217.78
74,217.05
74,117.23
74,229.17
74,116.53
74,217.04
74,216.42
74,116.40
74,217.19
74,116.54
74,216.65
74,117.33
74,218.56
74,218.01
74,116.86
74,217.12
74,117.46
74,229.94
74,217.33
74,116.73
74,216.93
74,116.97
74,216.41
74,116.50
74,216.86
74,216.29
74,116.27
74,216.78
74,116.41
74,216.91
74,229.45
74,117.31
74,217.22
74,117.17
74,217.20
74,218.18
74,119.56
74,220.65
74,120.58
74,219.91
74,118.25
74,231.24
74,218.09
74,118.51
74,217.23
74,117.84
74,229.75
74,117.18
74,217.78
74,219.35
76,226.02
76,206.03
76,114.91
76,114.29
76,225.42
76,112.41
76,225.09
76,224.98
76,112.31
76,225.00
76,112.25
76,212.43
76,112.34
76,212.65
76,212.46
76,112.03
76,212.28
76,112.63
76,213.01
76,112.91
76,212.60
76,112.48
76,212.38
76,225.21
76,112.68
76,212.44
76,112.26
76,212.73
76,112.51
76,212.58
76,212.27
76,112.60
76,212.81
76,113.90
76,213.45
76,113.06
76,213.33
76,113.04
76,225.36
76,212.96
76,112.74
76,213.00
76,112.62
76,213.02
76,113.31
76,212.97
76,213.10
76,113.53
76,213.40
76,113.55
78,114.87
78,214.57
78,214.24
78,113.52
78,213.62
78,113.63
78,214.83
78,114.61
78,214.71
78,213.34
78,113.11
78,213.67
78,113.87
78,226.22
78,113.48
78,216.40
78,214.32
78,114.01
78,113.33
78,225.77
78,225.41
78,113.36
78,225.86
78,112.96
78,213.10
78,113.02
78,213.15
78,113.02
78,225.70
78,212.89
78,113.04
78,213.48
78,112.47
78,213.75
78,114.11
78,213.59
78,213.48
78,113.39
78,213.31
78,113.22
78,213.00
78,113.12
78,226.02
78,213.40
78,113.43
78,213.58
78,112.67
78,212.60
78,112.49
78,212.84
80,222.71
80,123.91
80,223.57
80,185.44
80,222.81
80,122.09
80,222.69
80,123.26
80,235.23
80,222.72
80,122.26
80,222.02
80,122.52
80,223.02
80,224.34
80,126.07
80,226.17
80,225.44
80,124.71
80,224.39
80,125.29
80,237.08
80,223.69
80,123.75
80,222.93
80,222.90
80,122.84
80,223.55
80,122.98
80,222.89
80,223.10
80,123.98
80,223.12
80,122.26
80,236.33
80,223.28
80,122.76
80,223.09
80,224.14
80,123.19
80,222.96
80,125.23
80,223.43
80,223.19
80,122.77
80,222.75
80,122.33
80,234.50
80,222.76
80,122.71
82,227.57
82,115.27
82,215.23
82,115.05
82,215.77
82,215.85
82,115.45
82,215.57
82,116.11
82,216.39
82,115.36
82,215.15
82,215.65
82,116.48
82,114.63
82,227.74
82,115.14
82,227.83
82,228.45
82,115.05
82,227.54
82,115.02
82,215.79
82,215.71
82,115.12
82,215.16
82,115.89
82,215.54
82,115.57
82,227.99
82,215.60
82,114.86
82,215.39
82,116.07
82,215.88
82,115.06
82,214.87
82,215.62
82,115.63
82,215.55
82,115.09
82,215.42
82,115.53
82,227.99
82,214.82
82,114.74
82,215.14
82,115.11
82,215.26
82,214.67
84,86.34
84,186.29
84,86.12
84,186.13
84,85.92
84,85.67
84,186.87
84,86.64
84,186.57
84,86.50
84,186.43
84,86.23
84,86.31
84,186.11
84,86.01
84,185.82
84,85.47
84,199.16
84,86.45
84,86.40
84,186.38
84,86.26
84,186.29
84,86.02
84,185.94
84,85.69
84,86.69
84,186.65
84,86.61
84,186.56
84,86.57
84,186.43
84,86.97
84,186.38
84,86.26
84,86.09
84,198.49
84,85.59
84,186.76
84,86.76
84,186.82
84,86.46
84,86.60
84,186.44
84,86.50
84,186.43
84,86.01
84,186.07
84,85.93
84,85.73
86,217.38
86,116.93
86,217.20
86,217.54
86,117.01
86,217.11
86,116.53
86,229.41
86,217.13
86,116.92
86,116.96
86,230.12
86,229.38
86,117.25
86,230.04
86,116.89
86,217.31
86,216.75
86,116.81
86,217.17
86,116.78
86,216.83
86,117.45
86,217.31
86,217.23
86,116.46
86,216.79
86,117.25
86,229.32
86,217.14
86,117.32
86,216.73
86,116.87
86,217.11
86,116.85
86,217.12
86,184.13
86,117.33
86,229.11
86,117.00
86,230.49
86,229.72
86,117.45
86,230.00
86,117.57
86,230.65
86,117.55
86,219.39
86,218.93
86,118.28
88,127.95
88,227.59
88,240.30
88,127.41
88,228.95
88,232.43
88,131.31
88,231.62
88,130.50
88,229.52
88,229.01
88,127.39
88,227.51
88,227.14
88,128.72
88,228.73
88,240.70
88,128.17
88,228.59
88,127.32
88,239.63
88,127.14
88,240.09
88,240.18
88,127.42
88,227.48
88,227.73
88,128.15
88,240.62
88,228.13
88,127.43
88,227.19
88,127.11
88,226.47
88,226.47
88,126.81
88,227.23
88,229.01
88,128.63
88,228.17
88,240.52
88,128.63
88,227.75
88,127.31
88,227.64
88,227.63
88,127.74
88,226.74
88,227.14
88,126.96
90,129.49
90,229.47
90,229.57
90,130.03
90,230.97
90,242.67
90,129.55
90,230.68
90,230.26
90,131.03
90,229.88
90,229.80
90,129.13
90,229.66
90,230.34
90,130.02
90,230.26
90,130.08
90,243.21
90,231.50
90,138.70
90,239.99
90,233.03
90,130.97
90,231.28
90,130.29
90,242.99
90,242.13
90,130.33
90,242.24
90,242.24
90,129.76
90,241.68
90,129.23
90,229.91
90,229.09
90,129.20
90,229.60
90,229.37
90,130.29
90,229.41
90,230.10
90,130.75
90,242.82
90,230.75
90,130.47
90,230.13
90,229.35
90,129.10
90,230.15
92,120.62
92,222.52
92,234.16
92,120.72
92,220.22
92,120.37
92,219.86
92,219.66
92,119.96
92,219.88
92,120.33
92,220.28
92,219.57
92,119.96
92,219.38
92,119.80
92,232.55
92,220.55
92,120.52
92,219.83
92,120.30
92,220.00
92,219.13
92,119.60
92,219.47
92,119.70
92,219.47
92,220.17
92,119.53
92,231.63
92,119.89
92,219.28
92,220.24
92,121.14
92,237.71
92,130.28
92,234.10
92,121.11
92,233.84
92,220.55
92,120.66
92,221.14
92,120.58
92,219.87
92,220.70
92,120.08
92,220.01
92,120.77
92,219.87
92,232.02
94,226.09
94,125.85
94,238.08
94,125.58
94,225.68
94,227.46
94,126.44
94,227.00
94,125.61
94,238.40
94,238.26
94,126.14
94,226.02
94,225.96
94,125.90
94,225.82
94,125.45
94,225.63
94,225.33
94,125.11
94,225.10
94,237.69
94,125.21
94,225.14
94,125.11
94,225.08
94,225.73
94,126.05
94,218.95
94,239.13
94,125.35
94,225.32
94,225.17
94,126.62
94,225.43
94,125.78
94,225.39
94,225.35
94,125.35
94,225.29
94,225.35
94,125.41
94,125.20
94,237.74
94,237.81
94,125.64
94,238.20
94,225.58
94,125.86
94,238.07
96,231.34
96,244.02
96,131.21
96,231.74
96,231.31
96,132.26
96,232.74
96,232.64
96,132.19
96,232.28
96,234.06
96,134.07
96,232.90
96,245.99
96,133.04
96,246.11
96,234.60
96,135.62
96,234.15
96,233.24
96,133.76
96,233.72
96,232.85
96,133.68
96,233.28
96,245.17
96,133.23
96,232.82
96,232.31
96,132.17
96,232.02
96,232.38
96,131.81
96,232.33
96,232.04
96,131.47
96,232.05
96,231.34
96,131.93
96,244.23
96,232.43
96,131.73
96,232.49
96,232.03
96,131.57
96,232.29
96,131.45
96,244.50
96,131.74
96,244.72
98,130.72
98,230.15
98,230.81
98,130.10
98,230.59
98,230.90
98,130.74
98,231.13
98,230.85
98,131.79
98,243.64
98,231.66
98,131.05
98,232.08
98,194.46
98,130.75
98,243.27
98,231.75
98,131.51
98,230.65
98,232.02
98,132.48
98,233.04
98,231.84
98,131.95
98,231.18
98,231.66
98,130.93
98,243.52
98,230.75
98,131.01
98,230.56
98,232.26
98,134.50
98,233.94
98,234.21
98,132.87
98,231.67
98,232.00
98,131.03
98,243.98
98,231.34
98,133.57
98,232.28
98,231.07
98,131.55
98,230.55
98,230.91
98,130.36
98,230.55
100,115.00
100,215.23
100,115.56
100,215.76
100,215.88
100,116.24
100,227.55
100,115.40
100,214.51
100,114.45
100,214.54
100,214.86
100,115.40
100,214.59
100,114.92
100,215.25
100,115.23
100,215.87
100,214.74
100,115.27
100,228.17
100,115.58
100,214.96
100,114.92
100,227.56
100,115.05
100,228.24
100,114.43
100,227.36
100,215.28
100,115.38
100,215.73
100,115.12
100,215.43
100,115.22
100,215.88
100,214.54
100,115.00
100,215.06
100,115.00
100,215.27
100,227.05
100,114.80
100,214.74
100,114.78
100,215.45
100,114.44
100,214.47
100,214.79
100,115.10
102,131.47
102,232.10
102,232.23
102,131.79
102,231.00
102,231.38
102,131.06
102,243.96
102,230.92
102,131.75
102,231.22
102,231.28
102,131.23
102,231.33
102,230.99
102,131.53
102,230.99
102,231.41
102,130.92
102,243.87
102,131.01
102,231.61
102,232.30
102,132.05
102,231.45
102,232.06
102,132.74
102,232.63
102,232.07
102,132.12
102,232.04
102,244.11
102,132.28
102,231.57
102,232.29
102,131.64
102,231.20
102,231.77
102,131.67
102,231.76
102,231.24
102,132.29
102,232.16
102,243.99
102,130.93
102,231.76
102,231.36
102,131.94
102,231.60
102,231.04
104,230.16
104,129.32
104,230.30
104,229.39
104,129.45
104,229.54
104,228.95
104,129.99
104,242.51
104,129.52
104,242.52
104,129.16
104,242.09
104,242.66
104,129.44
104,229.68
104,229.66
104,129.39
104,229.48
104,229.75
104,128.80
104,241.88
104,228.92
104,129.55
104,229.36
104,229.26
104,130.02
104,229.82
104,128.89
104,229.16
104,230.95
104,130.13
104,242.53
104,229.34
104,129.14
104,230.50
104,229.21
104,129.10
104,230.15
104,228.96
104,129.17
104,229.74
104,229.67
104,129.56
104,241.39
104,128.90
104,229.13
104,228.34
104,128.82
104,228.93
106,130.83
106,229.80
106,229.92
106,130.75
106,230.46
106,231.21
106,130.24
106,230.41
106,129.57
106,230.95
106,244.04
106,130.23
106,230.64
106,130.34
106,243.18
106,242.29
106,131.07
106,243.81
106,244.19
106,131.03
106,231.27
106,230.34
106,130.59
106,231.57
106,130.67
106,230.72
106,230.07
106,131.31
106,242.75
106,231.41
106,130.92
106,231.89
106,231.11
106,131.52
106,231.58
106,232.42
106,131.83
106,230.71
106,230.69
106,131.90
106,243.60
106,231.86
106,131.38
106,230.32
106,230.73
106,131.92
106,231.71
106,230.55
106,131.29
106,231.67
108,135.28
108,234.32
108,234.11
108,134.48
108,235.01
108,247.61
108,135.18
108,234.97
108,233.87
108,134.80
108,235.19
108,234.81
108,133.81
108,233.51
108,235.09
108,134.33
108,234.56
108,133.68
108,247.56
108,246.85
108,134.69
108,246.31
108,246.90
108,134.60
108,246.74
108,233.73
108,133.97
108,234.61
108,246.49
108,134.78
108,233.97
108,234.36
108,134.33
108,235.26
108,235.08
108,134.66
108,235.52
108,246.37
108,134.87
108,234.16
108,246.45
108,133.79
108,234.59
108,246.85
108,133.95
108,233.46
108,234.48
108,134.64
108,234.49
108,233.55
110,254.46
110,252.85
110,253.76
110,155.30
110,253.34
110,266.85
110,255.45
110,253.38
110,154.49
110,255.60
110,255.11
110,255.23
110,154.22
110,254.59
110,255.10
110,266.24
110,155.25
110,269.09
110,255.11
110,255.65
110,155.27
110,269.62
110,255.22
110,255.67
110,253.97
110,154.48
110,255.43
110,254.85
110,256.73
110,154.69
110,255.86
110,267.77
110,256.15
110,154.89
110,267.59
110,269.88
110,268.92
110,156.79
110,257.08
110,255.56
110,256.53
110,155.76
110,256.98
110,255.54
110,256.21
110,255.08
110,157.86
110,273.18
110,259.18
110,250.90
112,155.38
112,252.64
112,253.19
112,253.98
112,154.24
112,254.16
112,253.42
112,256.10
112,266.01
112,153.74
112,254.43
112,265.72
112,153.01
112,267.10
112,250.08
112,251.16
112,151.74
112,251.50
112,252.62
112,265.28
112,155.50
112,254.97
112,254.40
112,251.94
112,253.37
112,155.47
112,254.39
112,252.60
112,152.81
112,267.85
112,265.13
112,265.68
112,156.45
112,252.48
112,252.93
112,267.09
112,155.71
112,255.24
112,254.78
112,253.18
112,254.05
112,154.99
112,253.59
112,253.48
112,253.48
112,151.13
112,263.86
112,252.41
112,251.69
112,154.76
114,126.83
114,226.98
114,226.93
114,128.05
114,225.70
114,225.51
114,126.47
114,227.43
114,126.59
114,227.65
114,240.77
114,125.57
114,238.58
114,226.21
114,125.92
114,226.27
114,126.90
114,228.22
114,228.89
114,126.19
114,227.66
114,227.81
114,128.53
114,238.42
114,226.46
114,126.99
114,202.10
114,227.50
114,128.45
114,238.32
114,226.11
114,126.62
114,226.89
114,127.28
114,227.67
114,228.33
114,126.56
114,226.95
114,227.04
114,127.52
114,228.59
114,238.27
114,125.97
114,226.53
114,126.60
114,226.87
114,227.42
114,128.86
114,225.97
114,226.21
116,225.06
116,122.40
116,226.30
116,121.86
116,225.54
116,225.92
116,126.42
116,234.74
116,125.79
116,225.98
116,226.38
116,122.34
116,225.96
116,226.47
116,122.86
116,226.18
116,209.13
116,125.32
116,225.49
116,125.68
116,226.00
116,239.50
116,122.67
116,226.43
116,222.21
116,125.69
116,226.77
116,123.02
116,226.49
116,222.56
116,126.20
116,227.00
116,222.88
116,127.44
116,122.71
116,238.94
116,235.19
116,125.98
116,239.01
116,122.69
116,238.51
116,238.85
116,122.78
116,226.54
116,222.32
116,126.02
116,238.41
116,226.71
116,122.97
116,226.40
118,248.45
118,246.35
118,145.52
118,248.22
118,247.96
118,246.82
118,145.60
118,248.54
118,247.91
118,259.93
118,146.24
118,245.33
118,247.50
118,146.75
118,246.58
118,245.98
118,247.94
118,147.08
118,246.73
118,245.64
118,247.42
118,146.51
118,246.39
118,248.66
118,247.96
118,147.10
118,260.21
118,246.82
118,245.32
118,148.78
118,248.30
118,247.34
118,146.67
118,250.05
118,250.51
118,258.46
118,148.44
118,248.19
118,247.11
118,246.11
118,150.03
118,252.05
118,248.33
118,249.94
118,150.30
118,249.74
118,249.40
118,262.34
118,150.15
118,249.44
120,288.42
120,184.95
120,288.79
120,286.63
120,288.93
120,295.85
120,287.50
120,287.58
120,287.28
120,287.29
120,285.72
120,297.22
120,183.55
120,297.24
120,298.06
120,285.73
120,285.36
120,285.02
120,284.42
120,252.02
120,297.18
120,298.76
120,299.86
120,299.08
120,286.62
120,285.74
120,186.17
120,285.22
120,284.03
120,287.18
120,286.33
120,298.59
120,284.75
120,284.49
120,284.08
120,283.59
120,285.68
120,285.47
120,284.51
120,184.56
120,299.64
120,287.73
120,287.75
120,288.19
120,282.80
120,286.32
120,284.89
120,284.47
120,295.50
120,286.36
122,300.59
122,313.94
122,302.04
122,298.81
122,299.34
122,301.18
122,298.16
122,300.94
122,300.40
122,311.25
122,300.44
122,300.66
122,299.01
122,301.17
122,298.34
122,301.44
122,298.69
122,312.68
122,300.18
122,301.02
122,297.20
122,299.78
122,300.39
122,299.65
122,299.84
122,312.11
122,299.25
122,298.71
122,298.19
122,298.04
122,298.08
122,297.22
122,299.56
122,313.04
122,301.80
122,299.25
122,298.13
122,300.41
122,300.89
122,310.89
122,313.90
122,311.89
122,314.68
122,300.25
122,312.51
122,312.79
122,299.92
122,300.33
122,312.30
122,300.08
124,287.86
124,286.98
124,299.86
124,287.69
124,288.00
124,288.07
124,287.85
124,289.15
124,298.45
124,298.95
124,307.56
124,291.19
124,291.10
124,290.44
124,187.75
124,288.72
124,288.33
124,288.05
124,288.51
124,300.89
124,287.96
124,288.18
124,287.67
124,300.36
124,188.68
124,301.46
124,298.93
124,302.01
124,289.08
124,300.59
124,287.62
124,299.70
124,286.57
124,287.02
124,285.98
124,287.42
124,288.70
124,287.01
124,185.99
124,287.95
124,298.12
124,287.65
124,287.70
124,287.74
124,288.18
124,288.49
124,285.92
124,287.82
124,287.50
124,300.21
126,285.91
126,285.46
126,285.17
126,284.53
126,285.54
126,285.71
126,298.27
126,185.08
126,285.59
126,298.16
126,287.47
126,300.52
126,286.60
126,287.30
126,187.67
126,299.99
126,300.04
126,300.15
126,287.07
126,300.33
126,287.49
126,287.22
126,286.71
126,286.60
126,285.59
126,285.28
126,285.73
126,285.07
126,284.46
126,285.62
126,285.37
126,284.96
126,184.76
126,284.06
126,297.99
126,286.17
126,285.91
126,286.02
126,286.01
126,286.22
126,288.65
126,289.35
126,300.68
126,288.01
126,288.60
126,287.71
126,287.04
126,186.01
126,286.29
126,285.80
128,293.18
128,293.03
128,293.20
128,304.89
128,292.54
128,292.63
128,291.96
128,291.76
128,190.85
128,290.20
128,290.71
128,290.02
128,306.55
128,294.53
128,291.88
128,291.69
128,291.71
128,290.45
128,291.17
128,290.86
128,308.25
128,296.37
128,293.29
128,292.93
128,291.55
128,291.53
128,289.71
128,290.69
128,303.08
128,290.69
128,290.28
128,290.22
128,189.78
128,292.39
128,291.18
128,290.42
128,291.56
128,366.71
128,290.63
128,192.26
128,367.40
128,290.87
128,290.87
128,291.89
128,290.80
128,302.94
128,191.05
128,291.73
128,290.61
128,290.58
130,297.42
130,297.25
130,309.76
130,297.71
130,298.19
130,297.51
130,297.40
130,296.75
130,297.70
130,297.54
130,310.55
130,297.36
130,296.82
130,297.84
130,297.35
130,297.25
130,298.51
130,297.17
130,311.34
130,299.39
130,298.62
130,274.39
130,311.75
130,298.69
130,297.54
130,298.70
130,298.66
130,298.00
130,299.05
130,299.39
130,310.75
130,297.78
130,297.04
130,297.09
130,297.59
130,298.23
130,298.71
130,297.81
130,297.78
130,297.98
130,297.57
130,297.89
130,310.39
130,297.57
130,297.64
130,297.10
130,297.93
130,297.89
130,299.55
130,300.31
132,277.98
132,278.40
132,280.06
132,278.92
132,180.62
132,280.02
132,291.67
132,291.91
132,291.12
132,292.15
132,180.04
132,279.35
132,280.18
132,279.25
132,279.73
132,280.28
132,279.32
132,291.52
132,279.39
132,278.62
132,179.31
132,279.65
132,278.10
132,278.96
132,279.12
132,278.56
132,291.75
132,279.29
132,278.14
132,178.76
132,279.52
132,278.36
132,279.01
132,278.79
132,279.31
132,291.31
132,278.91
132,279.38
132,279.05
132,179.37
132,279.63
132,278.86
132,278.98
132,279.21
132,290.95
132,278.73
132,279.39
132,278.48
132,179.84
132,280.81
134,308.55
134,320.08
134,308.05
134,307.35
134,408.20
134,307.87
134,307.00
134,307.55
134,319.68
134,307.71
134,307.11
134,306.98
134,307.68
134,308.61
134,311.08
134,310.50
134,322.28
134,308.87
134,308.03
134,308.75
134,309.19
134,307.83
134,308.40
134,308.01
134,320.15
134,307.59
134,307.10
134,306.82
134,410.06
134,309.26
134,309.41
134,310.52
134,309.53
134,208.78
134,320.85
134,321.58
134,322.86
134,434.88
134,309.55
134,308.09
134,308.62
134,307.93
134,307.46
134,320.44
134,307.97
134,308.17
134,307.66
134,306.92
134,307.41
134,307.22
136,309.66
136,409.62
136,309.40
136,308.91
136,308.50
136,309.41
136,322.12
136,309.79
136,310.58
136,310.68
136,311.53
136,310.65
136,309.72
136,309.41
136,321.13
136,321.77
136,321.18
136,321.81
136,321.57
136,309.09
136,308.37
136,308.30
136,309.14
136,279.02
136,321.93
136,321.40
136,320.55
136,308.56
136,320.68
136,307.84
136,308.13
136,308.54
136,308.60
136,409.04
136,308.10
136,307.92
136,321.50
136,310.53
136,309.55
136,309.76
136,309.02
136,309.85
136,309.58
136,309.29
136,322.87
136,312.46
136,311.31
136,311.32
136,311.73
136,311.30
138,303.20
138,304.51
138,302.67
138,314.30
138,301.55
138,300.87
138,300.25
138,300.79
138,300.46
138,300.27
138,300.26
138,312.57
138,300.22
138,300.04
138,300.07
138,300.41
138,300.20
138,298.84
138,299.86
138,312.57
138,300.47
138,300.00
138,299.98
138,300.05
138,299.71
138,299.46
138,299.47
138,311.70
138,300.21
138,300.61
138,300.17
138,289.92
138,313.59
138,300.21
138,300.42
138,300.13
138,312.90
138,312.56
138,312.44
138,312.94
138,300.47
138,300.13
138,299.91
138,312.25
138,299.51
138,299.18
138,299.57
138,299.14
138,300.25
138,300.09
140,298.10
140,297.77
140,298.20
140,297.90
140,297.70
140,297.32
140,298.21
140,310.66
140,297.87
140,298.04
140,299.16
140,299.12
140,198.99
140,300.15
140,300.29
140,311.17
140,299.40
140,299.19
140,298.81
140,298.56
140,311.68
140,311.77
140,311.36
140,310.66
140,310.59
140,297.68
140,298.27
140,299.29
140,298.46
140,297.73
140,298.36
140,300.49
140,312.46
140,299.55
140,299.00
140,311.10
140,297.86
140,298.60
140,310.50
140,298.21
140,297.83
140,297.32
140,297.15
140,299.85
140,301.42
140,299.99
140,312.63
140,300.39
140,300.13
140,299.12
142,313.16
142,312.82
142,312.01
142,311.75
142,311.67
142,311.90
142,323.71
142,268.76
142,436.05
142,323.33
142,322.93
142,311.09
142,310.92
142,310.74
142,310.76
142,311.03
142,323.28
142,310.39
142,311.03
142,311.30
142,311.65
142,311.21
142,310.92
142,310.97
142,323.31
142,310.92
142,310.51
142,411.16
142,310.62
142,311.65
142,312.84
142,325.65
142,312.98
142,314.07
142,326.07
142,325.01
142,325.09
142,313.01
142,312.67
142,325.52
142,314.53
142,264.94
142,326.53
142,326.47
142,326.11
142,325.36
142,312.82
142,325.03
142,412.13
142,311.83
144,313.10
144,313.07
144,326.48
144,413.18
144,313.02
144,312.49
144,312.83
144,313.24
144,313.01
144,325.37
144,314.09
144,313.59
144,314.30
144,314.76
144,327.13
144,325.83
144,325.81
144,326.19
144,325.61
144,313.75
144,313.81
144,313.13
144,313.00
144,312.88
144,312.93
144,326.45
144,413.46
144,313.17
144,313.41
144,312.93
144,313.14
144,313.01
144,325.40
144,312.87
144,312.88
144,312.84
144,312.70
144,313.19
144,313.10
144,313.03
144,325.21
144,413.36
144,313.10
144,312.96
144,312.90
144,312.88
144,313.04
144,324.88
144,313.22
144,314.39
146,298.19
146,297.78
146,310.33
146,309.97
146,310.25
146,310.19
146,296.78
146,297.73
146,297.58
146,296.65
146,196.21
146,297.33
146,309.33
146,296.61
146,296.45
146,296.86
146,297.05
146,296.72
146,296.40
146,297.22
146,309.14
146,296.79
146,296.60
146,297.09
146,296.93
146,296.74
146,296.06
146,296.79
146,309.16
146,296.03
146,297.28
146,298.42
146,297.68
146,297.95
146,298.09
146,297.25
146,309.54
146,297.54
146,297.09
146,297.20
146,296.98
146,297.53
146,297.16
146,297.01
146,309.09
146,309.59
146,309.28
146,197.48
146,309.18
146,309.27
148,252.59
148,252.52
148,152.63
148,253.28
148,265.92
148,252.49
148,152.74
148,252.83
148,253.57
148,252.29
148,152.62
148,252.57
148,253.13
148,252.32
148,264.74
148,152.71
148,252.63
148,253.11
148,252.16
148,152.72
148,253.40
148,253.75
148,252.69
148,153.27
148,253.61
148,266.10
148,252.68
148,152.89
148,253.21
148,253.79
148,252.91
148,252.98
148,153.54
148,254.11
148,252.82
148,265.72
148,153.23
148,252.55
148,252.37
148,152.55
148,265.53
148,266.21
148,265.14
148,152.66
148,253.05
148,253.33
148,264.32
148,152.62
148,252.43
148,252.59
150,300.16
150,299.79
150,299.51
150,312.16
150,298.95
150,299.80
150,299.99
150,300.32
150,301.32
150,300.22
150,300.62
150,312.99
150,312.70
150,300.14
150,300.46
150,300.20
150,300.22
150,299.80
150,300.53
150,312.85
150,300.10
150,300.59
150,301.25
150,303.37
150,315.96
150,313.55
150,313.59
150,302.14
150,301.49
150,300.73
150,301.01
150,312.98
150,300.45
150,300.12
150,300.22
150,299.97
150,300.14
150,300.03
150,300.21
150,312.55
150,299.88
150,300.01
150,300.15
150,299.84
150,300.04
150,300.07
150,300.48
150,313.15
150,301.02
150,300.58
152,317.03
152,416.94
152,316.13
152,328.25
152,317.16
152,329.28
152,328.67
152,329.50
152,316.54
152,316.23
152,316.13
152,315.75
152,315.90
152,316.08
152,316.89
152,328.55
152,315.90
152,415.85
152,315.68
152,315.92
152,317.33
152,317.79
152,329.48
152,316.57
152,316.15
152,316.14
152,316.21
152,316.52
152,317.56
152,393.02
152,317.83
152,317.93
152,318.12
152,332.37
152,319.36
152,319.30
152,317.65
152,418.74
152,317.00
152,316.78
152,329.65
152,316.17
152,316.08
152,317.20
152,316.19
152,315.73
152,315.76
152,316.47
152,329.30
152,416.58
154,301.83
154,301.51
154,301.44
154,314.12
154,301.76
154,301.77
154,301.60
154,303.42
154,302.65
154,303.11
154,203.88
154,314.88
154,314.60
154,315.17
154,302.26
154,302.50
154,415.00
154,302.56
154,302.43
154,302.27
154,302.13
154,302.35
154,301.05
154,313.95
154,301.73
154,302.12
154,302.37
154,302.38
154,301.42
154,301.61
154,301.44
154,314.02
154,301.85
154,301.71
154,302.42
154,301.46
154,301.44
154,301.20
154,301.50
154,301.80
154,315.11
154,314.68
154,301.21
154,301.57
154,301.70
154,314.39
154,301.61
154,301.47
154,302.61
154,302.03
156,306.80
156,305.80
156,306.52
156,305.67
156,306.55
156,318.71
156,306.36
156,308.80
156,309.50
156,307.94
156,306.98
156,306.65
156,306.31
156,319.11
156,305.99
156,306.60
156,305.57
156,311.47
156,313.93
156,311.25
156,421.96
156,308.34
156,307.23
156,307.45
156,306.28
156,307.56
156,306.90
156,307.05
156,320.11
156,306.84
156,295.27
156,308.63
156,307.27
156,307.40
156,307.04
156,307.49
156,320.01
156,308.51
156,309.45
156,307.97
156,306.92
156,306.82
156,306.42
156,420.85
156,307.20
156,305.83
156,306.22
156,305.41
156,205.70
156,318.15
158,321.13
158,321.24
158,420.83
158,320.66
158,321.56
158,321.32
158,332.90
158,322.38
158,322.01
158,322.51
158,322.31
158,421.53
158,321.61
158,334.87
158,322.06
158,321.22
158,322.47
158,321.52
158,321.19
158,320.35
158,433.46
158,220.84
158,334.12
158,334.51
158,333.27
158,333.30
158,434.03
158,320.89
158,333.29
158,321.60
158,321.21
158,320.57
158,320.47
158,320.94
158,320.88
158,320.26
158,432.74
158,321.23
158,321.13
158,320.56
158,320.11
158,308.08
158,320.72
158,320.16
158,421.01
158,322.57
158,334.70
158,322.33
158,322.20
158,321.09
160,318.41
160,330.81
160,317.54
160,319.84
160,419.74
160,218.60
160,330.96
160,331.54
160,330.60
160,431.22
160,318.39
160,318.38
160,330.29
160,317.81
160,317.62
160,318.85
160,317.62
160,318.32
160,317.75
160,317.74
160,431.15
160,317.54
160,318.69
160,319.79
160,320.20
160,332.26
160,318.89
160,331.26
160,318.93
160,319.09
160,318.35
160,419.20
160,318.93
160,318.95
160,330.72
160,318.70
160,317.62
160,318.20
160,317.31
160,317.57
160,318.00
160,317.25
160,430.15
160,317.37
160,217.76
160,443.25
160,318.51
160,319.22
160,318.50
160,331.47
162,316.92
162,318.07
162,317.45
162,318.86
162,330.36
162,329.45
162,330.25
162,316.84
162,318.18
162,317.09
162,318.03
162,430.05
162,316.69
162,316.72
162,315.73
162,316.11
162,316.45
162,316.69
162,315.99
162,328.26
162,316.20
162,315.51
162,315.65
162,316.32
162,328.97
162,328.02
162,416.21
162,316.45
162,316.35
162,317.11
162,329.57
162,316.74
162,316.27
162,316.47
162,315.80
162,315.92
162,315.97
162,316.48
162,428.70
162,317.92
162,293.17
162,318.13
162,317.90
162,316.94
162,316.84
162,316.55
162,329.27
162,416.76
162,317.41
162,316.94
164,296.46
164,308.89
164,195.59
164,384.33
164,296.49
164,195.53
164,309.12
164,296.73
164,296.77
164,295.70
164,296.27
164,296.43
164,296.05
164,296.44
164,308.74
164,295.73
164,295.67
164,296.92
164,296.67
164,295.74
164,297.64
164,297.47
164,310.85
164,309.93
164,309.17
164,309.80
164,297.09
164,296.90
164,296.48
164,297.20
164,310.24
164,296.89
164,296.12
164,296.63
164,296.47
164,296.30
164,296.10
164,296.57
164,308.86
164,296.12
164,297.49
164,259.32
164,309.08
164,295.77
164,296.39
164,296.63
164,296.08
164,309.66
164,296.58
164,296.17
166,324.20
166,325.44
166,337.92
166,327.28
166,414.20
166,325.31
166,326.06
166,325.25
166,325.27
166,338.82
166,325.79
166,325.42
166,424.85
166,325.22
166,325.00
166,325.35
166,337.48
166,324.49
166,324.29
166,324.06
166,424.31
166,324.12
166,323.97
166,336.34
166,323.13
166,310.89
166,326.25
166,427.72
166,326.45
166,326.21
166,339.32
166,327.09
166,326.30
166,325.59
166,426.77
166,326.65
166,325.57
166,339.86
166,328.15
166,315.34
166,327.09
166,438.83
166,325.33
166,326.04
166,327.15
166,326.01
166,326.39
166,325.92
166,337.29
166,424.77
168,323.61
168,323.83
168,324.32
168,335.85
168,335.81
168,336.20
168,336.57
168,325.04
168,324.20
168,424.92
168,336.54
168,323.67
168,323.27
168,323.18
168,324.84
168,325.32
168,326.26
168,451.13
168,325.96
168,325.23
168,325.52
168,325.96
168,338.62
168,325.75
168,325.28
168,425.30
168,324.80
168,324.55
168,291.39
168,324.35
168,436.04
168,323.54
168,323.30
168,322.68
168,323.46
168,322.96
168,323.49
168,336.76
168,323.33
168,423.12
168,311.20
168,323.77
168,325.33
168,324.95
168,325.48
168,337.74
168,425.34
168,324.69
168,323.64
168,323.78
170,328.19
170,427.19
170,339.39
170,326.92
170,325.70
170,325.90
170,326.64
170,326.30
170,425.65
170,338.20
170,325.82
170,325.08
170,325.57
170,325.72
170,326.94
170,327.10
170,438.53
170,325.45
170,338.04
170,338.14
170,338.68
170,326.01
170,325.72
170,325.48
170,325.76
170,326.59
170,425.94
170,338.45
170,328.30
170,327.52
170,340.87
170,340.39
170,327.26
170,326.85
170,326.79
170,439.75
170,326.54
170,327.53
170,327.25
170,325.74
170,325.54
170,325.99
170,339.18
170,426.58
170,326.41
170,327.04
170,326.64
170,326.22
170,325.77
170,338.39
172,325.57
172,312.78
172,312.91
172,313.25
172,313.13
172,314.13
172,314.95
172,315.77
172,329.02
172,327.36
172,401.57
172,327.36
172,314.37
172,314.91
172,313.90
172,314.68
172,314.74
172,313.93
172,313.85
172,326.09
172,314.23
172,313.36
172,312.90
172,413.36
172,313.21
172,313.86
172,325.77
172,313.20
172,313.14
172,313.63
172,313.70
172,313.72
172,313.91
172,313.27
172,325.59
172,313.06
172,325.85
172,326.24
172,326.16
172,325.50
172,313.33
172,313.67
172,313.22
172,313.60
172,415.59
172,301.94
172,314.50
172,314.77
172,316.59
172,314.69
174,328.20
174,315.62
174,314.99
174,314.80
174,314.74
174,315.17
174,315.58
174,427.69
174,315.28
174,315.16
174,315.77
174,314.97
174,315.67
174,315.70
174,316.16
174,315.31
174,315.38
174,315.60
174,415.24
174,314.59
174,314.67
174,314.76
174,315.79
174,329.27
174,317.13
174,329.78
174,329.50
174,328.41
174,328.78
174,316.15
174,316.01
174,316.30
174,316.99
174,315.49
174,315.37
174,328.26
174,415.88
174,315.02
174,315.11
174,315.45
174,315.37
174,314.64
174,327.26
174,314.73
174,314.96
174,315.46
174,315.26
174,314.85
174,315.10
174,315.48
176,316.58
176,418.50
176,317.42
176,318.24
176,219.10
176,330.10
176,330.46
176,443.27
176,331.19
176,318.01
176,319.05
176,318.41
176,331.43
176,317.85
176,318.74
176,318.03
176,318.95
176,317.56
176,417.75
176,329.83
176,317.41
176,317.82
176,317.53
176,317.75
176,317.44
176,317.12
176,317.60
176,330.05
176,318.20
176,417.20
176,317.22
176,318.04
176,317.62
176,317.82
176,329.72
176,317.56
176,318.16
176,317.33
176,317.84
176,318.60
176,419.22
176,319.27
176,319.75
176,318.37
176,318.63
176,330.88
176,319.18
176,317.92
176,319.14
176,318.62
178,330.03
178,317.40
178,417.85
178,317.41
178,317.94
178,317.03
178,317.31
178,318.24
178,330.18
178,318.12
178,317.64
178,317.66
178,317.75
178,329.45
178,329.87
178,316.88
178,429.40
178,318.76
178,318.57
178,282.58
178,331.38
178,331.57
178,330.80
178,331.47
178,317.82
178,318.39
178,318.21
178,419.61
178,318.87
178,318.23
178,330.02
178,298.02
178,318.34
178,317.02
178,317.16
178,330.30
178,417.51
178,318.07
178,317.07
178,316.94
178,318.07
178,317.17
178,330.02
178,317.08
178,317.75
178,317.94
178,317.25
178,417.63
178,317.12
178,317.35
180,277.27
180,265.05
180,264.70
180,163.76
180,263.94
180,263.93
180,263.90
180,264.02
180,264.22
180,164.46
180,276.34
180,263.79
180,263.65
180,263.95
180,163.69
180,263.86
180,264.16
180,264.23
180,264.51
180,276.08
180,163.66
180,264.04
180,263.62
180,263.76
180,263.80
180,163.81
180,263.96
180,264.45
180,263.61
180,276.52
180,263.95
180,163.72
180,263.72
180,264.05
180,263.68
180,264.57
180,263.67
180,164.44
180,263.87
180,276.63
180,263.93
180,263.82
180,164.12
180,264.55
180,275.99
180,276.04
180,163.43
180,276.23
180,264.12
180,264.67
