run,initial_hit_time,probe_after_evict_time
0,38,204
1,32,208
2,32,204
3,32,208
4,32,200
5,32,212
6,32,212
7,32,208
8,32,204
9,32,208
10,32,208
11,32,216
12,32,204
13,32,208
14,32,208
15,32,204
16,32,220
17,32,204
18,32,208
19,32,204
20,32,208
21,32,200
22,32,204
23,32,244
24,32,220
25,32,208
26,32,204
27,32,204
28,32,204
29,32,204
30,32,208
31,32,208
32,32,204
33,32,208
34,32,240
35,32,240
36,32,208
37,32,208
38,32,1092
39,32,204
40,32,208
41,32,208
42,32,212
43,32,212
44,32,208
45,32,208
46,32,208
47,32,208
48,32,832
49,32,208
50,32,248
51,32,208
52,32,204
53,32,212
54,32,208
55,32,208
56,32,208
57,32,208
58,32,208
59,32,208
60,32,208
61,32,204
62,32,208
63,32,240
64,32,208
65,32,208
66,32,204
67,32,204
68,32,208
69,32,216
70,32,212
71,32,220
72,32,200
73,32,228
74,32,208
75,32,816
76,32,204
77,32,208
78,32,208
79,32,216
80,32,208
81,32,244
82,32,208
83,32,244
84,32,208
85,32,220
86,32,204
87,32,204
88,32,208
89,32,240
90,32,204
91,32,204
92,32,208
93,32,208
94,32,244
95,32,208
96,32,208
97,32,204
98,32,208
99,32,208
100,32,204
101,32,208
102,32,208
103,32,204
104,32,216
105,32,204
106,32,200
107,32,220
108,32,216
109,32,208
110,32,208
111,32,208
112,32,204
113,32,212
114,32,204
115,32,208
116,32,204
117,32,776
118,32,204
119,32,212
120,32,204
121,32,204
122,32,204
123,32,204
124,32,208
125,32,208
126,32,204
127,32,204
128,32,212
129,32,736
130,32,208
131,32,200
132,32,204
133,32,636
134,32,208
135,32,204
136,32,212
137,32,244
138,32,240
139,32,208
140,32,208
141,32,208
142,32,208
143,32,212
144,32,208
145,32,208
146,32,208
147,32,208
148,32,252
149,32,208
150,32,204
151,32,204
152,32,216
153,32,208
154,32,208
155,32,208
156,32,200
157,32,208
158,32,200
159,32,244
160,32,204
161,32,208
162,32,204
163,32,220
164,32,208
165,32,212
166,32,208
167,32,220
168,32,208
169,32,208
170,32,212
171,32,208
172,32,208
173,32,240
174,32,212
175,32,204
176,32,204
177,32,208
178,32,212
179,32,208
180,32,212
181,32,208
182,32,200
183,32,204
184,32,204
185,32,208
186,32,212
187,32,204
188,32,204
189,32,220
190,32,212
191,32,212
192,32,204
193,32,208
194,32,204
195,32,208
196,32,212
197,40,204
198,32,208
199,32,208
200,32,208
201,32,208
202,32,224
203,32,212
204,32,208
205,32,208
206,32,212
207,32,216
208,32,208
209,32,208
210,32,208
211,32,208
212,32,208
213,32,204
214,32,208
215,32,208
216,32,208
217,32,208
218,32,208
219,32,208
220,32,208
221,32,208
222,32,208
223,32,224
224,32,208
225,32,940
226,32,220
227,32,216
228,32,200
229,32,204
230,32,204
231,32,208
232,32,204
233,32,208
234,32,208
235,32,200
236,32,212
237,32,208
238,32,224
239,32,204
240,32,200
241,32,200
242,32,208
243,32,252
244,32,208
245,32,208
246,32,204
247,32,204
248,32,220
249,32,208
250,32,204
251,32,212
252,32,204
253,32,208
254,32,204
255,32,208
256,32,208
257,32,204
258,32,204
259,32,208
260,32,208
261,32,1540
262,32,216
263,32,208
264,32,244
265,32,208
266,32,204
267,32,208
268,32,212
269,32,208
270,32,208
271,32,208
272,32,212
273,32,204
274,32,208
275,32,204
276,32,208
277,32,204
278,32,232
279,32,208
280,32,208
281,32,208
282,32,208
283,32,208
284,32,208
285,32,204
286,32,208
287,32,240
288,32,208
289,32,220
290,32,204
291,32,204
292,32,204
293,32,204
294,32,208
295,32,212
296,32,204
297,32,200
298,32,228
299,32,212
300,32,208
301,32,208
302,32,208
303,32,204
304,32,208
305,32,204
306,32,224
307,32,200
308,32,204
309,32,208
310,32,220
311,32,204
312,32,208
313,32,208
314,32,204
315,32,208
316,32,208
317,32,220
318,32,208
319,32,204
320,32,204
321,32,208
322,32,208
323,32,232
324,32,208
325,32,204
326,32,220
327,32,212
328,32,204
329,32,204
330,32,212
331,32,204
332,32,208
333,32,208
334,32,208
335,32,204
336,32,204
337,32,208
338,32,208
339,32,204
340,32,204
341,32,244
342,32,208
343,32,240
344,32,204
345,32,204
346,32,208
347,32,208
348,32,240
349,32,204
350,32,208
351,32,208
352,32,204
353,32,204
354,32,208
355,32,216
356,32,208
357,32,1016
358,32,208
359,32,204
360,32,204
361,32,208
362,32,204
363,32,208
364,32,208
365,32,208
366,32,208
367,32,204
368,32,216
369,32,200
370,32,208
371,32,208
372,32,204
373,32,212
374,32,208
375,32,244
376,32,212
377,32,208
378,32,208
379,32,200
380,32,220
381,32,208
382,32,228
383,32,200
384,32,208
385,32,204
386,32,244
387,32,204
388,32,208
389,32,208
390,32,216
391,32,204
392,32,212
393,32,204
394,32,668
395,32,984
396,32,204
397,32,228
398,32,204
399,32,208
400,32,236
401,32,204
402,32,220
403,32,208
404,32,228
405,32,204
406,32,208
407,32,204
408,32,204
409,32,200
410,32,204
411,32,204
412,32,208
413,32,220
414,32,200
415,32,208
416,32,212
417,32,208
418,32,212
419,32,204
420,32,204
421,32,208
422,32,200
423,32,244
424,32,208
425,32,204
426,32,220
427,32,208
428,32,208
429,32,204
430,32,208
431,32,212
432,32,768
433,32,216
434,32,212
435,32,204
436,32,240
437,32,208
438,32,204
439,32,240
440,32,208
441,32,200
442,32,204
443,32,240
444,32,208
445,32,208
446,32,216
447,32,204
448,32,244
449,32,216
450,32,208
451,32,208
452,32,216
453,32,220
454,32,208
455,32,208
456,32,204
457,32,204
458,32,204
459,32,208
460,32,204
461,32,208
462,32,204
463,32,208
464,32,212
465,32,204
466,32,208
467,32,208
468,32,208
469,32,212
470,32,204
471,32,200
472,32,204
473,32,216
474,32,212
475,32,204
476,32,208
477,32,204
478,32,208
479,32,208
480,32,208
481,32,204
482,32,208
483,32,208
484,32,208
485,32,208
486,32,204
487,32,208
488,32,220
489,32,208
490,32,208
491,32,244
492,32,216
493,32,208
494,32,208
495,32,212
496,32,212
497,32,208
498,32,208
499,32,208
500,32,208
501,32,204
502,32,212
503,32,208
504,32,204
505,32,212
506,32,208
507,32,208
508,32,208
509,32,208
510,32,204
511,32,208
512,32,208
513,32,208
514,32,204
515,32,208
516,32,232
517,32,200
518,32,204
519,32,204
520,32,204
521,32,208
522,32,208
523,32,220
524,32,200
525,32,204
526,32,204
527,32,204
528,32,200
529,32,204
530,32,208
531,32,204
532,32,208
533,32,208
534,32,204
535,32,208
536,32,204
537,32,204
538,32,208
539,32,208
540,32,200
541,32,208
542,32,208
543,32,208
544,32,204
545,32,200
546,32,248
547,32,208
548,32,208
549,32,208
550,32,208
551,32,204
552,32,212
553,32,208
554,32,208
555,32,212
556,32,208
557,32,244
558,32,204
559,32,208
560,32,208
561,32,200
562,32,204
563,32,208
564,32,200
565,32,208
566,32,200
567,32,200
568,32,204
569,32,208
570,32,204
571,32,204
572,32,204
573,32,204
574,32,204
575,32,204
576,32,204
577,32,204
578,32,212
579,32,200
580,32,208
581,32,204
582,32,220
583,32,208
584,32,204
585,32,208
586,32,204
587,32,208
588,32,220
589,32,300
590,32,204
591,32,208
592,32,204
593,32,204
594,32,208
595,32,212
596,32,204
597,32,208
598,32,212
599,32,208
600,32,208
601,32,212
602,32,208
603,32,208
604,32,204
605,32,204
606,32,208
607,32,204
608,32,720
609,32,200
610,32,208
611,32,204
612,32,200
613,32,208
614,32,220
615,32,208
616,32,208
617,32,1068
618,32,208
619,32,204
620,32,208
621,32,212
622,32,212
623,32,988
624,32,208
625,32,204
626,32,204
627,32,204
628,32,208
629,32,204
630,32,212
631,32,204
632,32,208
633,32,212
634,32,208
635,32,204
636,32,208
637,32,212
638,32,208
639,32,208
640,32,204
641,32,244
642,32,204
643,32,204
644,32,204
645,32,208
646,32,208
647,32,208
648,32,236
649,32,208
650,32,204
651,32,204
652,32,204
653,32,212
654,32,208
655,32,204
656,32,204
657,32,204
658,32,208
659,32,208
660,32,204
661,32,212
662,32,208
663,32,204
664,32,200
665,32,204
666,32,208
667,32,208
668,32,208
669,32,204
670,32,212
671,32,208
672,32,208
673,32,208
674,32,208
675,32,208
676,32,208
677,32,208
678,32,208
679,32,224
680,32,236
681,32,208
682,32,204
683,32,208
684,32,208
685,32,208
686,32,216
687,32,212
688,32,208
689,32,204
690,32,204
691,32,208
692,32,216
693,32,208
694,32,204
695,32,208
696,32,200
697,32,208
698,32,204
699,32,204
700,32,208
701,32,204
702,32,208
703,32,212
704,32,208
705,32,200
706,32,200
707,32,208
708,32,840
709,32,204
710,32,208
711,32,240
712,32,208
713,32,208
714,32,228
715,32,1036
716,32,208
717,32,208
718,32,208
719,32,208
720,32,212
721,32,208
722,32,204
723,32,200
724,32,212
725,32,204
726,32,208
727,32,204
728,32,220
729,32,208
730,32,248
731,32,204
732,32,208
733,32,208
734,32,208
735,32,208
736,32,208
737,32,204
738,32,208
739,32,208
740,32,204
741,32,208
742,32,204
743,32,204
744,32,204
745,32,208
746,32,220
747,32,208
748,32,208
749,32,204
750,32,208
751,32,204
752,32,1072
753,32,204
754,32,240
755,32,256
756,32,204
757,32,208
758,32,208
759,32,212
760,32,208
761,32,208
762,32,208
763,32,208
764,32,208
765,32,200
766,32,208
767,32,208
768,32,208
769,32,236
770,32,208
771,32,208
772,32,208
773,32,216
774,32,204
775,32,204
776,32,208
777,32,208
778,32,208
779,32,204
780,32,208
781,32,212
782,32,208
783,32,208
784,32,208
785,32,208
786,32,824
787,32,204
788,32,204
789,32,244
790,32,208
791,32,208
792,32,208
793,32,220
794,32,208
795,32,204
796,32,212
797,32,204
798,32,208
799,32,208
800,32,212
801,32,216
802,32,204
803,32,204
804,32,244
805,32,208
806,32,212
807,32,212
808,32,212
809,32,204
810,32,204
811,32,208
812,32,208
813,32,204
814,32,212
815,32,904
816,32,244
817,32,204
818,32,208
819,32,200
820,32,208
821,32,204
822,32,204
823,32,208
824,32,208
825,32,208
826,32,212
827,32,208
828,32,204
829,32,224
830,32,204
831,32,208
832,32,212
833,32,204
834,32,208
835,32,204
836,32,208
837,32,220
838,32,208
839,32,208
840,32,208
841,32,208
842,32,208
843,32,208
844,32,204
845,32,208
846,32,220
847,32,204
848,32,208
849,32,204
850,32,208
851,32,216
852,32,208
853,32,208
854,32,208
855,32,208
856,32,208
857,32,204
858,32,204
859,32,224
860,32,208
861,32,200
862,32,208
863,32,200
864,32,208
865,32,208
866,32,200
867,32,212
868,32,204
869,32,208
870,32,208
871,32,208
872,32,208
873,32,240
874,32,208
875,32,204
876,32,204
877,32,212
878,32,240
879,32,204
880,32,208
881,32,208
882,32,204
883,32,204
884,32,204
885,32,216
886,32,208
887,32,208
888,32,200
889,32,204
890,32,208
891,32,204
892,32,204
893,32,208
894,32,220
895,32,208
896,32,208
897,32,204
898,32,208
899,32,204
900,32,204
901,32,208
902,32,204
903,32,204
904,32,208
905,32,204
906,32,204
907,32,200
908,32,208
909,32,204
910,32,208
911,32,204
912,32,200
913,32,204
914,32,212
915,32,200
916,32,204
917,32,208
918,32,208
919,32,240
920,32,208
921,32,244
922,32,220
923,32,204
924,32,208
925,32,204
926,32,220
927,32,212
928,32,204
929,32,212
930,32,248
931,32,208
932,32,208
933,32,208
934,32,208
935,32,220
936,32,204
937,32,208
938,32,204
939,32,204
940,32,208
941,32,204
942,32,204
943,32,204
944,32,208
945,32,208
946,32,204
947,32,236
948,32,204
949,32,224
950,32,208
951,32,204
952,32,204
953,32,208
954,32,208
955,32,220
956,32,204
957,32,212
958,32,228
959,32,204
960,32,212
961,32,220
962,32,204
963,32,204
964,32,208
965,32,944
966,32,204
967,32,204
968,32,224
969,32,204
970,32,204
971,32,208
972,32,208
973,32,208
974,32,212
975,32,240
976,32,240
977,32,204
978,32,208
979,32,208
980,32,212
981,32,208
982,32,208
983,32,208
984,32,208
985,32,236
986,32,208
987,32,208
988,32,208
989,32,220
990,32,204
991,32,200
992,32,208
993,32,208
994,32,940
995,32,208
996,32,220
997,32,208
998,32,204
999,32,208
1000,32,208
1001,32,208
1002,32,220
1003,32,204
1004,32,208
1005,32,204
1006,32,212
1007,32,204
1008,32,204
1009,32,224
1010,32,204
1011,32,204
1012,32,204
1013,32,208
1014,32,208
1015,32,204
1016,32,204
1017,32,204
1018,32,208
1019,32,208
1020,32,204
1021,32,208
1022,32,868
1023,32,208
1024,32,208
1025,32,204
1026,32,220
1027,32,200
1028,32,236
1029,32,212
1030,32,208
1031,32,208
1032,32,208
1033,32,204
1034,32,208
1035,32,216
1036,32,204
1037,32,208
1038,32,208
1039,32,204
1040,32,204
1041,32,212
1042,32,204
1043,32,208
1044,32,204
1045,32,204
1046,32,204
1047,32,204
1048,32,216
1049,32,244
1050,32,204
1051,32,208
1052,32,208
1053,32,200
1054,32,208
1055,32,220
1056,32,204
1057,32,208
1058,32,220
1059,32,248
1060,32,212
1061,32,208
1062,32,204
1063,32,208
1064,32,212
1065,32,216
1066,32,204
1067,32,200
1068,32,208
1069,32,200
1070,32,204
1071,32,208
1072,32,204
1073,32,212
1074,32,216
1075,32,212
1076,32,204
1077,32,208
1078,32,204
1079,32,200
1080,32,200
1081,32,208
1082,32,204
1083,32,224
1084,32,208
1085,32,204
1086,32,208
1087,32,220
1088,32,204
1089,32,240
1090,32,208
1091,32,208
1092,32,204
1093,32,628
1094,32,208
1095,32,220
1096,32,232
1097,32,240
1098,32,204
1099,32,204
1100,32,204
1101,32,204
1102,32,220
1103,32,224
1104,32,208
1105,32,204
1106,32,208
1107,32,208
1108,32,204
1109,32,204
1110,32,204
1111,32,208
1112,32,212
1113,32,204
1114,32,240
1115,32,200
1116,32,208
1117,32,204
1118,32,208
1119,32,208
1120,32,204
1121,32,204
1122,32,220
1123,32,208
1124,32,212
1125,32,208
1126,32,204
1127,32,220
1128,32,208
1129,32,208
1130,32,200
1131,32,204
1132,32,208
1133,32,220
1134,32,204
1135,32,240
1136,32,204
1137,32,216
1138,32,204
1139,32,208
1140,32,240
1141,32,208
1142,32,208
1143,32,208
1144,32,216
1145,32,208
1146,32,208
1147,32,204
1148,32,208
1149,32,212
1150,32,244
1151,32,204
1152,32,204
1153,32,208
1154,32,208
1155,32,204
1156,32,208
1157,32,204
1158,32,204
1159,32,204
1160,32,208
1161,32,208
1162,32,208
1163,32,208
1164,32,212
1165,32,204
1166,32,204
1167,32,208
1168,32,208
1169,32,216
1170,32,224
1171,32,204
1172,32,204
1173,32,208
1174,32,208
1175,32,208
1176,32,208
1177,32,208
1178,32,208
1179,32,204
1180,32,208
1181,32,200
1182,32,208
1183,32,208
1184,32,212
1185,32,208
1186,32,208
1187,32,208
1188,32,204
1189,32,204
1190,32,220
1191,32,208
1192,32,208
1193,32,208
1194,32,208
1195,32,208
1196,32,212
1197,32,212
1198,32,208
1199,32,204
1200,32,200
1201,32,208
1202,32,204
1203,32,220
1204,32,208
1205,32,208
1206,32,204
1207,32,204
1208,32,208
1209,32,220
1210,32,204
1211,32,200
1212,32,212
1213,32,208
1214,32,220
1215,32,204
1216,32,200
1217,32,240
1218,32,208
1219,32,212
1220,32,204
1221,32,208
1222,32,208
1223,32,208
1224,32,208
1225,32,204
1226,32,204
1227,32,208
1228,32,204
1229,32,208
1230,32,208
1231,32,208
1232,32,208
1233,32,200
1234,32,208
1235,32,208
1236,32,200
1237,32,212
1238,32,208
1239,32,952
1240,32,216
1241,32,208
1242,32,212
1243,32,204
1244,32,204
1245,32,208
1246,32,240
1247,32,208
1248,32,216
1249,32,256
1250,32,204
1251,32,200
1252,32,204
1253,32,212
1254,32,208
1255,32,208
1256,32,208
1257,32,208
1258,32,208
1259,32,212
1260,32,200
1261,32,208
1262,32,204
1263,32,204
1264,32,244
1265,32,208
1266,32,204
1267,32,204
1268,32,204
1269,32,208
1270,32,204
1271,32,204
1272,32,240
1273,32,208
1274,32,204
1275,32,216
1276,32,208
1277,32,208
1278,32,208
1279,32,208
1280,32,204
1281,32,204
1282,32,204
1283,32,200
1284,32,208
1285,32,208
1286,32,1016
1287,32,216
1288,32,204
1289,32,208
1290,32,200
1291,32,208
1292,32,208
1293,32,208
1294,32,204
1295,32,208
1296,32,208
1297,32,212
1298,32,208
1299,32,240
1300,32,204
1301,32,204
1302,32,200
1303,32,200
1304,32,208
1305,32,204
1306,32,204
1307,32,208
1308,32,204
1309,32,208
1310,32,220
1311,32,212
1312,32,216
1313,32,208
1314,32,200
1315,32,204
1316,32,208
1317,32,212
1318,32,208
1319,32,204
1320,32,208
1321,32,216
1322,32,204
1323,32,208
1324,32,204
1325,32,212
1326,32,204
1327,32,208
1328,32,208
1329,32,200
1330,32,244
1331,32,200
1332,32,208
1333,32,208
1334,32,200
1335,32,208
1336,32,208
1337,32,240
1338,32,220
1339,32,208
1340,32,208
1341,32,208
1342,32,240
1343,32,208
1344,32,224
1345,32,204
1346,32,204
1347,32,236
1348,32,204
1349,32,208
1350,32,204
1351,32,204
1352,32,212
1353,32,208
1354,32,208
1355,32,204
1356,32,216
1357,32,208
1358,32,216
1359,32,204
1360,32,208
1361,32,204
1362,32,208
1363,32,220
1364,32,208
1365,32,208
1366,32,204
1367,32,216
1368,32,204
1369,32,212
1370,32,204
1371,32,204
1372,32,208
1373,32,224
1374,32,208
1375,32,204
1376,32,216
1377,32,208
1378,32,204
1379,32,208
1380,32,208
1381,32,208
1382,32,208
1383,32,208
1384,32,240
1385,32,208
1386,32,244
1387,32,244
1388,32,208
1389,32,224
1390,32,200
1391,32,204
1392,32,208
1393,32,1056
1394,32,208
1395,32,208
1396,32,208
1397,32,208
1398,32,208
1399,32,208
1400,32,208
1401,32,216
1402,32,208
1403,32,208
1404,32,220
1405,32,200
1406,32,208
1407,32,204
1408,32,208
1409,32,220
1410,32,236
1411,32,204
1412,32,212
1413,32,240
1414,32,208
1415,32,204
1416,32,208
1417,32,208
1418,32,204
1419,32,200
1420,32,208
1421,32,204
1422,32,208
1423,32,976
1424,32,212
1425,32,208
1426,32,204
1427,32,216
1428,32,240
1429,32,208
1430,32,208
1431,32,232
1432,32,220
1433,32,204
1434,32,200
1435,32,208
1436,32,208
1437,32,220
1438,32,204
1439,32,204
1440,32,200
1441,32,208
1442,32,208
1443,32,220
1444,32,208
1445,32,200
1446,32,204
1447,32,204
1448,32,204
1449,32,224
1450,32,212
1451,32,240
1452,32,204
1453,32,204
1454,32,204
1455,32,208
1456,32,208
1457,32,204
1458,32,208
1459,32,208
1460,32,204
1461,32,764
1462,32,244
1463,32,200
1464,32,212
1465,32,216
1466,32,212
1467,32,208
1468,32,204
1469,32,208
1470,32,204
1471,32,208
1472,32,224
1473,32,204
1474,32,212
1475,32,204
1476,32,200
1477,32,208
1478,32,224
1479,32,208
1480,32,208
1481,32,208
1482,32,208
1483,32,240
1484,32,212
1485,32,212
1486,32,244
1487,32,228
1488,32,208
1489,32,212
1490,32,200
1491,32,208
1492,32,204
1493,32,204
1494,32,200
1495,32,200
1496,32,244
1497,32,204
1498,32,204
1499,32,208
1500,32,212
1501,32,204
1502,32,204
1503,32,208
1504,32,224
1505,32,212
1506,32,200
1507,32,240
1508,32,204
1509,32,240
1510,32,208
1511,32,204
1512,32,220
1513,32,208
1514,32,208
1515,32,208
1516,32,548
1517,32,204
1518,32,204
1519,32,208
1520,32,208
1521,32,208
1522,32,208
1523,32,208
1524,32,204
1525,32,200
1526,32,204
1527,32,216
1528,32,976
1529,32,208
1530,32,204
1531,32,204
1532,32,220
1533,32,208
1534,32,208
1535,32,208
1536,32,208
1537,32,204
1538,32,204
1539,32,204
1540,32,208
1541,32,212
1542,32,208
1543,32,204
1544,32,204
1545,32,204
1546,32,1084
1547,32,656
1548,32,220
1549,32,208
1550,32,204
1551,32,212
1552,32,208
1553,32,220
1554,32,208
1555,32,208
1556,32,204
1557,32,204
1558,32,204
1559,32,208
1560,32,204
1561,32,204
1562,32,208
1563,32,208
1564,32,204
1565,32,220
1566,32,212
1567,32,204
1568,32,796
1569,32,208
1570,32,204
1571,32,204
1572,32,204
1573,32,992
1574,32,208
1575,32,204
1576,32,208
1577,32,208
1578,32,208
1579,32,208
1580,32,916
1581,32,240
1582,32,204
1583,32,208
1584,32,216
1585,32,208
1586,32,208
1587,32,208
1588,32,200
1589,32,212
1590,32,240
1591,32,208
1592,32,204
1593,32,200
1594,32,208
1595,32,204
1596,32,208
1597,32,200
1598,32,212
1599,32,208
1600,32,204
1601,32,204
1602,32,208
1603,32,208
1604,32,212
1605,32,204
1606,32,208
1607,32,208
1608,32,208
1609,32,232
1610,32,208
1611,32,204
1612,32,204
1613,32,204
1614,32,924
1615,32,204
1616,32,204
1617,32,208
1618,32,204
1619,32,208
1620,32,208
1621,32,204
1622,32,208
1623,32,204
1624,32,204
1625,32,208
1626,32,208
1627,32,204
1628,32,220
1629,32,216
1630,32,204
1631,32,208
1632,32,204
1633,32,204
1634,32,204
1635,32,208
1636,32,204
1637,32,204
1638,32,208
1639,32,208
1640,32,208
1641,32,204
1642,32,208
1643,32,212
1644,32,204
1645,32,208
1646,32,244
1647,32,204
1648,32,208
1649,32,212
1650,32,212
1651,32,208
1652,32,208
1653,32,208
1654,32,220
1655,32,204
1656,32,208
1657,32,204
1658,32,208
1659,32,208
1660,32,212
1661,32,204
1662,32,240
1663,32,208
1664,32,208
1665,32,204
1666,32,208
1667,32,204
1668,32,208
1669,32,224
1670,32,208
1671,32,204
1672,32,208
1673,32,204
1674,32,208
1675,32,204
1676,32,212
1677,32,208
1678,32,204
1679,32,208
1680,32,208
1681,32,208
1682,32,208
1683,32,232
1684,32,976
1685,32,208
1686,32,208
1687,32,1016
1688,32,200
1689,32,208
1690,32,220
1691,32,208
1692,32,244
1693,32,212
1694,32,208
1695,32,208
1696,32,212
1697,32,232
1698,32,204
1699,32,208
1700,32,208
1701,32,204
1702,32,208
1703,32,204
1704,32,212
1705,32,208
1706,32,208
1707,32,208
1708,32,204
1709,32,200
1710,32,200
1711,32,204
1712,32,220
1713,32,204
1714,32,204
1715,32,208
1716,32,208
1717,32,204
1718,32,212
1719,32,1028
1720,32,204
1721,32,208
1722,32,224
1723,32,240
1724,32,212
1725,32,204
1726,32,208
1727,32,208
1728,32,204
1729,32,208
1730,32,240
1731,32,204
1732,32,204
1733,32,204
1734,32,204
1735,32,204
1736,32,208
1737,32,204
1738,32,228
1739,32,204
1740,32,212
1741,32,204
1742,32,200
1743,32,204
1744,32,208
1745,32,204
1746,32,204
1747,32,208
1748,32,200
1749,32,208
1750,32,208
1751,32,212
1752,32,208
1753,32,240
1754,32,224
1755,32,208
1756,32,212
1757,32,208
1758,32,204
1759,32,204
1760,32,204
1761,32,204
1762,32,212
1763,32,208
1764,32,244
1765,32,220
1766,32,208
1767,32,208
1768,32,212
1769,32,204
1770,32,204
1771,32,212
1772,32,204
1773,32,212
1774,32,232
1775,32,208
1776,32,208
1777,32,216
1778,32,220
1779,32,208
1780,32,204
1781,32,208
1782,32,204
1783,32,204
1784,32,204
1785,32,208
1786,32,208
1787,32,208
1788,32,204
1789,32,220
1790,32,208
1791,32,200
1792,32,208
1793,32,208
1794,32,208
1795,32,212
1796,32,204
1797,32,208
1798,32,204
1799,32,208
1800,32,208
1801,32,240
1802,32,1576
1803,32,204
1804,32,204
1805,32,208
1806,32,204
1807,32,208
1808,32,208
1809,32,204
1810,32,208
1811,32,200
1812,32,208
1813,32,208
1814,32,208
1815,32,208
1816,32,220
1817,32,204
1818,32,216
1819,32,208
1820,32,208
1821,32,204
1822,32,212
1823,32,208
1824,32,204
1825,32,204
1826,32,240
1827,32,204
1828,32,892
1829,32,208
1830,32,216
1831,32,204
1832,32,920
1833,32,208
1834,32,1088
1835,32,216
1836,32,204
1837,32,204
1838,32,988
1839,32,208
1840,32,208
1841,32,208
1842,32,212
1843,32,200
1844,32,204
1845,32,204
1846,32,204
1847,32,224
1848,32,208
1849,32,212
1850,32,244
1851,32,244
1852,32,212
1853,32,212
1854,32,204
1855,32,208
1856,32,208
1857,32,208
1858,32,208
1859,32,244
1860,32,208
1861,32,204
1862,32,204
1863,32,208
1864,32,204
1865,32,204
1866,32,244
1867,32,204
1868,32,220
1869,32,208
1870,32,200
1871,32,208
1872,32,208
1873,32,204
1874,32,204
1875,32,204
1876,32,204
1877,32,768
1878,32,204
1879,32,204
1880,32,868
1881,32,204
1882,32,208
1883,32,1080
1884,32,204
1885,32,200
1886,32,208
1887,32,224
1888,32,208
1889,32,208
1890,32,200
1891,32,204
1892,32,204
1893,32,204
1894,32,208
1895,32,212
1896,32,208
1897,32,208
1898,32,208
1899,32,204
1900,32,208
1901,32,208
1902,32,244
1903,32,228
1904,32,208
1905,32,220
1906,32,200
1907,32,204
1908,32,1076
1909,32,212
1910,32,208
1911,32,204
1912,32,204
1913,32,204
1914,32,212
1915,32,204
1916,32,204
1917,32,216
1918,32,204
1919,32,204
1920,32,204
1921,32,212
1922,32,204
1923,32,208
1924,32,208
1925,32,212
1926,32,204
1927,32,208
1928,32,204
1929,32,208
1930,32,204
1931,32,208
1932,32,208
1933,32,204
1934,32,208
1935,32,220
1936,32,208
1937,32,216
1938,32,208
1939,32,204
1940,32,216
1941,32,208
1942,32,208
1943,32,208
1944,32,208
1945,32,208
1946,32,208
1947,32,1000
1948,32,208
1949,32,208
1950,32,208
1951,32,204
1952,32,204
1953,32,216
1954,32,208
1955,32,208
1956,32,204
1957,32,208
1958,32,204
1959,32,208
1960,32,204
1961,32,204
1962,32,208
1963,32,208
1964,32,204
1965,32,204
1966,32,216
1967,32,228
1968,32,216
1969,32,208
1970,32,948
1971,32,208
1972,32,208
1973,32,208
1974,32,208
1975,32,208
1976,32,204
1977,32,204
1978,32,208
1979,32,208
1980,32,208
1981,32,200
1982,32,204
1983,32,204
1984,32,208
1985,32,204
1986,32,208
1987,32,212
1988,32,212
1989,32,220
1990,32,208
1991,32,204
1992,32,208
1993,32,216
1994,32,208
1995,32,208
1996,32,204
1997,32,220
1998,32,208
1999,32,204
2000,32,208
2001,32,204
2002,32,200
2003,32,204
2004,32,208
2005,32,208
2006,32,204
2007,32,208
2008,32,212
2009,32,220
2010,32,212
2011,32,208
2012,32,208
2013,32,204
2014,32,208
2015,32,216
2016,32,208
2017,32,212
2018,32,204
2019,32,208
2020,32,204
2021,32,208
2022,32,212
2023,32,220
2024,32,200
2025,32,200
2026,32,208
2027,32,204
2028,32,204
2029,32,204
2030,32,208
2031,32,200
2032,32,216
2033,32,204
2034,32,204
2035,32,208
2036,32,200
2037,32,212
2038,32,208
2039,32,208
2040,32,224
2041,32,208
2042,32,208
2043,32,204
2044,32,240
2045,32,208
2046,32,208
2047,32,208
2048,32,204
2049,32,1072
2050,32,208
2051,32,216
2052,32,204
2053,32,208
2054,32,208
2055,32,208
2056,32,204
2057,32,204
2058,32,208
2059,32,200
2060,32,216
2061,32,1092
2062,32,208
2063,32,208
2064,32,208
2065,32,204
2066,32,208
2067,32,204
2068,32,212
2069,32,200
2070,32,216
2071,32,204
2072,32,208
2073,32,208
2074,32,208
2075,32,204
2076,32,204
2077,32,204
2078,32,204
2079,32,208
2080,32,208
2081,32,204
2082,32,204
2083,32,248
2084,32,208
2085,32,204
2086,32,204
2087,32,208
2088,32,208
2089,32,212
2090,32,204
2091,32,220
2092,32,208
2093,32,208
2094,32,292
2095,32,208
2096,32,208
2097,32,224
2098,32,208
2099,32,208
2100,32,216
2101,32,212
2102,32,224
2103,32,832
2104,32,208
2105,32,200
2106,32,208
2107,32,204
2108,32,208
2109,32,200
2110,32,204
2111,32,220
2112,32,204
2113,32,216
2114,32,208
2115,32,212
2116,32,204
2117,32,204
2118,32,208
2119,32,204
2120,32,208
2121,32,208
2122,32,200
2123,32,204
2124,32,200
2125,32,232
2126,32,204
2127,32,200
2128,32,212
2129,32,204
2130,32,208
2131,32,208
2132,32,212
2133,32,204
2134,32,204
2135,32,208
2136,32,204
2137,32,204
2138,32,208
2139,32,208
2140,32,208
2141,32,200
2142,32,212
2143,32,208
2144,32,208
2145,32,208
2146,32,204
2147,32,208
2148,32,204
2149,32,208
2150,32,208
2151,32,208
2152,32,212
2153,32,208
2154,32,1008
2155,32,208
2156,32,204
2157,32,208
2158,32,208
2159,32,208
2160,32,208
2161,32,204
2162,32,208
2163,32,208
2164,32,208
2165,32,204
2166,32,208
2167,32,204
2168,32,212
2169,32,208
2170,32,204
2171,32,208
2172,32,208
2173,32,228
2174,32,216
2175,32,208
2176,32,204
2177,32,228
2178,32,212
2179,32,208
2180,32,204
2181,32,204
2182,32,204
2183,32,204
2184,32,216
2185,32,208
2186,32,208
2187,32,208
2188,32,208
2189,32,204
2190,32,208
2191,32,208
2192,32,208
2193,32,212
2194,32,204
2195,32,204
2196,32,208
2197,32,208
2198,32,208
2199,32,212
2200,40,216
2201,32,204
2202,32,204
2203,32,204
2204,32,208
2205,32,216
2206,32,216
2207,32,208
2208,32,220
2209,32,236
2210,32,204
2211,32,208
2212,32,208
2213,32,208
2214,32,204
2215,32,204
2216,32,948
2217,32,208
2218,32,204
2219,32,208
2220,32,208
2221,32,212
2222,32,204
2223,32,208
2224,32,204
2225,32,204
2226,32,208
2227,32,292
2228,32,204
2229,32,1020
2230,32,204
2231,32,208
2232,32,208
2233,32,208
2234,32,204
2235,32,208
2236,32,208
2237,32,200
2238,32,208
2239,32,204
2240,32,204
2241,32,200
2242,32,204
2243,32,204
2244,32,208
2245,32,200
2246,32,204
2247,32,216
2248,32,208
2249,32,208
2250,32,208
2251,32,232
2252,32,208
2253,32,208
2254,32,208
2255,32,208
2256,32,216
2257,32,208
2258,32,208
2259,32,208
2260,32,1012
2261,32,208
2262,32,208
2263,32,204
2264,32,204
2265,32,208
2266,32,216
2267,32,204
2268,32,212
2269,32,208
2270,32,208
2271,32,208
2272,32,212
2273,32,208
2274,32,200
2275,32,252
2276,32,208
2277,32,208
2278,32,212
2279,32,208
2280,32,868
2281,32,208
2282,32,208
2283,32,208
2284,32,204
2285,32,208
2286,32,200
2287,32,204
2288,32,208
2289,32,204
2290,32,220
2291,32,216
2292,32,208
2293,32,208
2294,32,220
2295,32,204
2296,32,204
2297,32,208
2298,32,204
2299,32,208
2300,32,204
2301,32,204
2302,32,228
2303,32,244
2304,32,204
2305,32,208
2306,32,220
2307,32,204
2308,32,208
2309,32,216
2310,32,204
2311,32,204
2312,32,208
2313,32,208
2314,32,200
2315,32,212
2316,32,208
2317,32,208
2318,32,204
2319,32,212
2320,32,208
2321,32,208
2322,32,208
2323,32,208
2324,32,204
2325,32,244
2326,32,204
2327,32,208
2328,32,212
2329,32,208
2330,32,208
2331,32,208
2332,32,208
2333,32,208
2334,32,208
2335,32,204
2336,32,208
2337,32,208
2338,32,208
2339,32,208
2340,32,208
2341,32,208
2342,32,224
2343,32,212
2344,32,204
2345,32,200
2346,32,208
2347,32,208
2348,32,204
2349,32,204
2350,32,216
2351,32,984
2352,32,208
2353,32,208
2354,32,208
2355,32,212
2356,32,204
2357,32,208
2358,32,240
2359,32,208
2360,32,208
2361,32,208
2362,32,208
2363,32,208
2364,32,208
2365,32,208
2366,32,208
2367,32,220
2368,32,208
2369,32,204
2370,32,208
2371,32,220
2372,32,204
2373,32,204
2374,32,212
2375,32,204
2376,32,208
2377,32,204
2378,32,204
2379,32,240
2380,32,216
2381,32,208
2382,32,212
2383,32,212
2384,32,200
2385,32,220
2386,32,212
2387,32,208
2388,32,840
2389,32,204
2390,32,924
2391,32,200
2392,32,204
2393,32,208
2394,32,208
2395,32,212
2396,32,204
2397,32,224
2398,32,200
2399,32,208
2400,32,208
2401,32,208
2402,32,244
2403,32,204
2404,32,204
2405,32,220
2406,32,208
2407,32,208
2408,32,208
2409,32,220
2410,32,216
2411,32,204
2412,32,204
2413,36,208
2414,32,200
2415,32,208
2416,32,204
2417,32,204
2418,32,208
2419,32,204
2420,32,208
2421,32,208
2422,32,212
2423,32,296
2424,32,204
2425,32,204
2426,32,240
2427,32,208
2428,32,244
2429,32,208
2430,32,208
2431,32,204
2432,32,208
2433,32,204
2434,32,204
2435,32,204
2436,32,204
2437,32,208
2438,32,204
2439,32,216
2440,32,208
2441,32,220
2442,32,204
2443,32,208
2444,32,204
2445,32,208
2446,32,212
2447,32,212
2448,32,488
2449,32,200
2450,32,208
2451,32,212
2452,32,216
2453,32,204
2454,32,208
2455,32,208
2456,32,236
2457,32,208
2458,32,208
2459,32,212
2460,32,220
2461,32,208
2462,32,204
2463,32,208
2464,32,208
2465,32,200
2466,32,204
2467,32,208
2468,32,212
2469,32,1016
2470,32,220
2471,32,204
2472,32,200
2473,32,240
2474,32,208
2475,32,208
2476,32,204
2477,32,212
2478,32,244
2479,32,212
2480,32,212
2481,32,1088
2482,32,232
2483,32,204
2484,32,208
2485,32,208
2486,32,208
2487,32,204
2488,32,208
2489,32,216
2490,32,208
2491,32,208
2492,32,208
2493,32,204
2494,32,204
2495,32,208
2496,32,200
2497,32,240
2498,32,208
2499,32,204
2500,32,212
2501,32,208
2502,32,208
2503,32,208
2504,32,244
2505,32,204
2506,32,220
2507,32,220
2508,32,220
2509,32,204
2510,32,204
2511,32,204
2512,32,204
2513,32,204
2514,32,204
2515,32,204
2516,32,212
2517,32,208
2518,32,200
2519,32,208
2520,32,208
2521,32,208
2522,32,216
2523,32,204
2524,32,208
2525,32,204
2526,32,208
2527,32,208
2528,32,204
2529,32,204
2530,32,208
2531,32,240
2532,32,208
2533,32,204
2534,32,208
2535,32,224
2536,32,208
2537,32,208
2538,32,204
2539,32,220
2540,32,1084
2541,32,204
2542,32,216
2543,32,204
2544,32,240
2545,32,204
2546,32,208
2547,32,212
2548,32,224
2549,32,208
2550,32,240
2551,32,204
2552,32,244
2553,32,208
2554,32,208
2555,32,212
2556,32,208
2557,32,232
2558,32,224
2559,32,204
2560,32,204
2561,32,208
2562,32,216
2563,32,216
2564,32,1036
2565,32,212
2566,32,208
2567,32,204
2568,32,200
2569,32,204
2570,32,200
2571,32,216
2572,32,208
2573,32,208
2574,32,204
2575,32,208
2576,32,212
2577,32,204
2578,32,220
2579,32,204
2580,32,212
2581,32,216
2582,32,208
2583,32,208
2584,32,220
2585,32,208
2586,32,208
2587,32,968
2588,32,240
2589,32,208
2590,32,204
2591,32,1008
2592,32,200
2593,32,208
2594,32,204
2595,32,220
2596,32,204
2597,32,204
2598,32,208
2599,32,204
2600,32,204
2601,32,204
2602,32,208
2603,32,908
2604,32,208
2605,32,208
2606,32,208
2607,32,204
2608,32,204
2609,32,208
2610,32,208
2611,32,212
2612,32,244
2613,32,208
2614,32,208
2615,32,212
2616,32,208
2617,32,224
2618,32,228
2619,32,208
2620,32,208
2621,32,208
2622,32,208
2623,32,200
2624,32,240
2625,32,244
2626,32,216
2627,32,224
2628,32,204
2629,32,204
2630,32,220
2631,32,204
2632,32,208
2633,32,208
2634,32,240
2635,32,204
2636,32,212
2637,32,204
2638,32,208
2639,32,204
2640,32,204
2641,32,212
2642,32,204
2643,32,204
2644,32,200
2645,32,212
2646,32,208
2647,32,200
2648,32,208
2649,32,1064
2650,32,208
2651,32,212
2652,32,204
2653,32,208
2654,32,984
2655,32,968
2656,32,204
2657,32,220
2658,32,204
2659,32,204
2660,32,208
2661,32,204
2662,32,212
2663,32,208
2664,32,204
2665,32,204
2666,32,208
2667,32,208
2668,32,240
2669,32,204
2670,32,204
2671,32,212
2672,32,204
2673,32,208
2674,32,204
2675,32,208
2676,32,992
2677,32,204
2678,32,208
2679,32,208
2680,32,204
2681,32,204
2682,32,204
2683,32,212
2684,32,204
2685,32,204
2686,32,208
2687,32,208
2688,32,208
2689,32,204
2690,32,212
2691,32,904
2692,32,200
2693,32,208
2694,32,204
2695,32,204
2696,32,244
2697,32,204
2698,32,204
2699,32,1064
2700,32,244
2701,32,204
2702,32,204
2703,32,224
2704,32,208
2705,32,204
2706,32,208
2707,32,220
2708,32,208
2709,32,208
2710,32,204
2711,32,204
2712,32,204
2713,32,216
2714,32,208
2715,32,204
2716,32,208
2717,32,208
2718,32,208
2719,32,200
2720,32,208
2721,32,212
2722,32,212
2723,32,204
2724,32,208
2725,32,208
2726,32,208
2727,32,208
2728,32,204
2729,32,204
2730,32,200
2731,32,208
2732,32,208
2733,32,208
2734,32,204
2735,32,204
2736,32,208
2737,32,212
2738,32,208
2739,32,208
2740,32,200
2741,32,204
2742,32,200
2743,32,200
2744,32,200
2745,32,208
2746,32,204
2747,32,1032
2748,32,212
2749,32,236
2750,32,200
2751,32,980
2752,32,204
2753,32,204
2754,32,240
2755,32,248
2756,32,208
2757,32,208
2758,32,212
2759,32,200
2760,32,236
2761,32,204
2762,32,204
2763,32,208
2764,32,212
2765,32,208
2766,32,240
2767,32,208
2768,32,204
2769,32,212
2770,32,208
2771,32,212
2772,32,204
2773,32,208
2774,32,224
2775,32,216
2776,32,204
2777,32,204
2778,32,208
2779,32,204
2780,32,208
2781,32,216
2782,32,204
2783,32,208
2784,32,208
2785,32,204
2786,32,208
2787,32,208
2788,32,208
2789,32,204
2790,32,208
2791,32,216
2792,32,208
2793,32,208
2794,32,220
2795,32,244
2796,32,240
2797,32,204
2798,32,208
2799,32,208
2800,32,208
2801,32,216
2802,32,204
2803,32,204
2804,32,216
2805,32,204
2806,32,204
2807,32,996
2808,32,208
2809,32,204
2810,32,208
2811,32,208
2812,32,204
2813,32,204
2814,32,208
2815,32,208
2816,32,204
2817,32,204
2818,32,208
2819,32,244
2820,32,204
2821,32,204
2822,32,200
2823,32,204
2824,32,208
2825,32,204
2826,32,208
2827,32,208
2828,32,208
2829,32,208
2830,32,200
2831,32,208
2832,32,208
2833,32,212
2834,32,204
2835,32,208
2836,32,208
2837,32,228
2838,32,204
2839,32,212
2840,32,204
2841,32,208
2842,32,220
2843,32,204
2844,32,208
2845,32,208
2846,32,208
2847,32,200
2848,32,208
2849,32,208
2850,32,208
2851,32,204
2852,32,208
2853,32,244
2854,32,208
2855,32,204
2856,32,224
2857,32,212
2858,32,208
2859,32,204
2860,32,208
2861,32,208
2862,32,208
2863,32,204
2864,32,204
2865,32,208
2866,32,204
2867,32,208
2868,32,200
2869,32,244
2870,32,208
2871,32,208
2872,32,208
2873,32,224
2874,32,208
2875,32,208
2876,32,204
2877,32,208
2878,32,208
2879,32,204
2880,32,208
2881,32,204
2882,32,208
2883,32,200
2884,32,200
2885,32,208
2886,32,204
2887,32,204
2888,32,204
2889,32,208
2890,32,208
2891,32,236
2892,32,208
2893,32,208
2894,32,208
2895,32,236
2896,32,208
2897,32,204
2898,32,240
2899,32,208
2900,32,208
2901,32,224
2902,32,208
2903,32,208
2904,32,200
2905,32,208
2906,32,204
2907,32,204
2908,32,204
2909,32,208
2910,32,204
2911,32,776
2912,32,204
2913,32,208
2914,32,864
2915,32,208
2916,32,216
2917,32,204
2918,32,220
2919,32,208
2920,32,208
2921,32,212
2922,32,208
2923,32,208
2924,32,220
2925,32,244
2926,32,220
2927,32,200
2928,32,208
2929,32,208
2930,32,208
2931,32,208
2932,32,208
2933,32,212
2934,32,208
2935,32,212
2936,32,204
2937,32,204
2938,32,204
2939,32,208
2940,32,204
2941,32,204
2942,32,220
2943,32,204
2944,32,216
2945,32,208
2946,32,204
2947,32,200
2948,32,208
2949,32,208
2950,32,236
2951,32,212
2952,32,208
2953,32,208
2954,32,208
2955,32,224
2956,32,204
2957,32,204
2958,32,204
2959,32,208
2960,32,208
2961,32,208
2962,32,204
2963,32,220
2964,32,1208
2965,32,216
2966,32,212
2967,32,224
2968,32,208
2969,32,212
2970,32,220
2971,32,208
2972,32,208
2973,32,204
2974,32,200
2975,32,208
2976,32,204
2977,32,208
2978,32,208
2979,32,208
2980,32,244
2981,32,208
2982,32,208
2983,32,204
2984,32,204
2985,32,208
2986,32,208
2987,32,204
2988,32,208
2989,32,208
2990,32,208
2991,32,240
2992,32,208
2993,32,208
2994,32,220
2995,32,208
2996,32,208
2997,32,200
2998,32,204
2999,32,208
3000,32,208
3001,32,208
3002,32,220
3003,32,208
3004,32,204
3005,32,212
3006,32,204
3007,32,212
3008,32,208
3009,32,204
3010,32,204
3011,32,204
3012,32,208
3013,32,208
3014,32,208
3015,32,204
3016,32,208
3017,32,204
3018,32,204
3019,32,220
3020,32,204
3021,32,244
3022,32,204
3023,32,208
3024,32,208
3025,32,216
3026,32,204
3027,32,204
3028,32,204
3029,32,208
3030,32,212
3031,32,204
3032,32,1020
3033,32,204
3034,32,208
3035,32,208
3036,32,204
3037,32,204
3038,32,208
3039,32,208
3040,32,240
3041,32,208
3042,32,208
3043,32,208
3044,32,204
3045,32,208
3046,32,208
3047,32,208
3048,32,208
3049,32,220
3050,32,204
3051,32,204
3052,32,208
3053,32,204
3054,32,204
3055,32,208
3056,32,204
3057,32,204
3058,32,204
3059,32,216
3060,32,208
3061,32,996
3062,32,208
3063,32,208
3064,32,208
3065,32,204
3066,32,208
3067,32,220
3068,32,220
3069,32,208
3070,32,204
3071,32,212
3072,32,212
3073,32,208
3074,32,208
3075,32,216
3076,32,204
3077,32,212
3078,32,220
3079,32,220
3080,32,208
3081,32,200
3082,32,208
3083,32,204
3084,32,200
3085,32,208
3086,32,208
3087,32,208
3088,32,208
3089,32,200
3090,32,212
3091,32,208
3092,32,212
3093,32,208
3094,32,208
3095,32,212
3096,32,240
3097,32,208
3098,32,204
3099,32,208
3100,32,216
3101,32,212
3102,32,208
3103,32,204
3104,32,208
3105,32,212
3106,32,208
3107,32,1060
3108,32,204
3109,32,208
3110,32,208
3111,32,208
3112,32,208
3113,32,204
3114,32,220
3115,32,208
3116,32,220
3117,32,204
3118,32,204
3119,32,216
3120,32,204
3121,32,224
3122,32,208
3123,32,208
3124,32,212
3125,32,208
3126,32,204
3127,32,212
3128,32,220
3129,32,212
3130,32,208
3131,32,208
3132,32,212
3133,32,204
3134,32,212
3135,32,212
3136,32,212
3137,32,208
3138,32,204
3139,32,208
3140,32,212
3141,32,204
3142,32,204
3143,32,208
3144,32,204
3145,32,208
3146,32,208
3147,32,208
3148,32,244
3149,32,204
3150,32,224
3151,32,208
3152,32,852
3153,32,208
3154,32,208
3155,32,208
3156,32,208
3157,32,208
3158,32,224
3159,32,204
3160,32,208
3161,32,204
3162,32,956
3163,32,204
3164,32,204
3165,32,212
3166,32,212
3167,32,208
3168,32,208
3169,32,208
3170,32,208
3171,32,204
3172,32,212
3173,32,212
3174,32,212
3175,32,204
3176,32,204
3177,32,1036
3178,32,240
3179,32,208
3180,32,208
3181,32,208
3182,32,204
3183,32,204
3184,32,204
3185,32,1076
3186,32,208
3187,32,208
3188,32,216
3189,32,204
3190,32,216
3191,32,204
3192,32,204
3193,32,208
3194,32,208
3195,32,932
3196,32,204
3197,32,204
3198,32,216
3199,32,208
3200,32,208
3201,32,208
3202,32,200
3203,32,208
3204,32,204
3205,32,208
3206,32,216
3207,32,240
3208,32,208
3209,32,208
3210,32,208
3211,32,204
3212,32,208
3213,32,204
3214,32,200
3215,32,204
3216,32,208
3217,32,204
3218,32,200
3219,32,208
3220,32,228
3221,32,904
3222,32,204
3223,32,208
3224,32,240
3225,32,208
3226,32,208
3227,32,208
3228,32,204
3229,32,208
3230,32,208
3231,32,200
3232,32,208
3233,32,208
3234,32,204
3235,32,216
3236,32,208
3237,32,204
3238,32,208
3239,32,204
3240,32,212
3241,32,216
3242,32,208
3243,32,240
3244,32,208
3245,32,204
3246,32,208
3247,32,200
3248,32,244
3249,32,240
3250,32,208
3251,32,204
3252,32,200
3253,32,204
3254,32,884
3255,32,252
3256,32,208
3257,32,208
3258,32,204
3259,32,200
3260,32,204
3261,32,204
3262,32,204
3263,32,204
3264,32,204
3265,32,208
3266,32,208
3267,32,208
3268,32,208
3269,32,208
3270,32,204
3271,32,208
3272,32,208
3273,32,924
3274,32,208
3275,32,204
3276,32,208
3277,32,208
3278,32,208
3279,32,232
3280,32,212
3281,32,1052
3282,32,208
3283,32,208
3284,32,208
3285,32,200
3286,32,204
3287,32,208
3288,32,200
3289,32,208
3290,32,1076
3291,32,208
3292,32,216
3293,32,204
3294,32,208
3295,32,208
3296,32,244
3297,32,204
3298,32,204
3299,32,212
3300,32,208
3301,32,212
3302,32,204
3303,32,240
3304,32,240
3305,32,204
3306,32,220
3307,32,208
3308,32,208
3309,32,208
3310,32,208
3311,32,208
3312,32,208
3313,32,208
3314,32,204
3315,32,200
3316,32,208
3317,32,208
3318,32,208
3319,32,208
3320,32,216
3321,32,208
3322,32,204
3323,32,204
3324,32,200
3325,32,224
3326,32,204
3327,32,208
3328,32,204
3329,32,208
3330,32,204
3331,32,208
3332,32,240
3333,32,216
3334,32,208
3335,32,204
3336,32,204
3337,32,208
3338,32,232
3339,32,208
3340,32,208
3341,32,1016
3342,32,228
3343,32,204
3344,32,204
3345,32,204
3346,32,204
3347,32,204
3348,32,208
3349,32,208
3350,32,208
3351,32,208
3352,32,240
3353,32,208
3354,32,204
3355,32,208
3356,32,212
3357,32,212
3358,32,212
3359,32,204
3360,32,772
3361,32,204
3362,32,200
3363,32,208
3364,32,208
3365,32,1052
3366,32,240
3367,32,208
3368,32,220
3369,32,208
3370,32,204
3371,32,200
3372,32,204
3373,32,220
3374,32,212
3375,32,204
3376,32,204
3377,32,204
3378,32,204
3379,32,244
3380,32,244
3381,32,240
3382,32,208
3383,32,204
3384,32,208
3385,32,208
3386,32,208
3387,32,208
3388,32,208
3389,32,204
3390,32,208
3391,32,204
3392,32,204
3393,32,200
3394,32,208
3395,32,208
3396,32,204
3397,32,208
3398,32,208
3399,32,208
3400,32,204
3401,32,224
3402,32,208
3403,32,204
3404,32,208
3405,32,204
3406,32,204
3407,32,208
3408,32,236
3409,32,212
3410,32,220
3411,32,232
3412,32,912
3413,32,208
3414,32,208
3415,32,208
3416,32,204
3417,32,208
3418,32,208
3419,32,208
3420,32,216
3421,32,208
3422,32,232
3423,32,208
3424,32,204
3425,32,1044
3426,32,200
3427,32,236
3428,32,204
3429,32,220
3430,32,208
3431,32,204
3432,32,208
3433,32,204
3434,32,220
3435,32,204
3436,32,208
3437,32,212
3438,32,204
3439,32,208
3440,32,204
3441,32,208
3442,32,204
3443,32,208
3444,32,204
3445,32,220
3446,32,928
3447,32,240
3448,32,240
3449,32,212
3450,32,204
3451,32,212
3452,32,204
3453,32,208
3454,32,200
3455,32,204
3456,32,224
3457,32,220
3458,32,208
3459,32,208
3460,32,208
3461,32,208
3462,32,204
3463,32,220
3464,32,208
3465,32,220
3466,32,1040
3467,32,208
3468,32,208
3469,32,208
3470,32,204
3471,32,212
3472,32,208
3473,32,208
3474,32,212
3475,32,216
3476,32,204
3477,32,208
3478,32,204
3479,32,204
3480,32,208
3481,32,216
3482,32,208
3483,32,244
3484,32,1032
3485,32,212
3486,32,244
3487,32,220
3488,32,212
3489,32,208
3490,32,200
3491,32,208
3492,32,208
3493,32,208
3494,32,208
3495,32,220
3496,32,208
3497,32,208
3498,32,208
3499,32,208
3500,32,208
3501,32,204
3502,32,240
3503,32,208
3504,32,204
3505,32,208
3506,32,212
3507,32,208
3508,32,208
3509,32,208
3510,32,204
3511,32,216
3512,32,204
3513,32,208
3514,32,220
3515,32,208
3516,32,208
3517,32,212
3518,32,208
3519,32,204
3520,32,216
3521,32,220
3522,32,204
3523,32,208
3524,32,208
3525,32,208
3526,32,204
3527,32,212
3528,32,204
3529,32,204
3530,32,204
3531,32,220
3532,32,200
3533,32,212
3534,32,268
3535,32,204
3536,32,204
3537,32,204
3538,32,208
3539,32,204
3540,32,204
3541,32,220
3542,32,204
3543,32,208
3544,32,212
3545,32,208
3546,32,208
3547,32,204
3548,32,208
3549,32,216
3550,32,204
3551,32,204
3552,32,212
3553,32,13052
3554,32,232
3555,32,212
3556,32,204
3557,32,208
3558,32,208
3559,32,208
3560,32,204
3561,32,208
3562,32,208
3563,32,208
3564,32,208
3565,32,208
3566,32,204
3567,32,200
3568,32,208
3569,32,208
3570,32,212
3571,32,204
3572,32,676
3573,32,204
3574,32,208
3575,32,212
3576,32,252
3577,32,212
3578,32,216
3579,32,208
3580,32,204
3581,32,200
3582,32,204
3583,32,208
3584,32,204
3585,32,208
3586,32,220
3587,32,208
3588,32,208
3589,32,204
3590,32,224
3591,32,996
3592,32,236
3593,32,240
3594,32,208
3595,32,208
3596,32,208
3597,32,220
3598,32,208
3599,32,208
3600,32,204
3601,32,208
3602,32,248
3603,32,968
3604,32,220
3605,32,212
3606,32,212
3607,32,208
3608,32,208
3609,32,204
3610,32,204
3611,32,1076
3612,32,204
3613,32,208
3614,32,208
3615,32,240
3616,32,208
3617,32,212
3618,32,216
3619,32,208
3620,32,736
3621,32,204
3622,32,212
3623,32,208
3624,32,208
3625,32,220
3626,32,204
3627,32,204
3628,32,200
3629,32,208
3630,32,208
3631,32,220
3632,32,852
3633,32,212
3634,32,208
3635,32,204
3636,32,220
3637,32,236
3638,32,208
3639,32,208
3640,32,212
3641,32,204
3642,32,204
3643,32,204
3644,32,204
3645,32,204
3646,32,932
3647,32,220
3648,32,204
3649,32,204
3650,32,204
3651,32,216
3652,32,208
3653,32,200
3654,32,208
3655,32,208
3656,32,208
3657,32,204
3658,32,208
3659,32,216
3660,32,204
3661,32,204
3662,32,212
3663,32,208
3664,32,204
3665,32,208
3666,32,204
3667,32,796
3668,32,208
3669,32,208
3670,32,204
3671,32,208
3672,32,204
3673,32,204
3674,32,204
3675,32,212
3676,32,208
3677,32,220
3678,32,204
3679,32,208
3680,32,204
3681,32,204
3682,32,204
3683,32,204
3684,32,208
3685,32,204
3686,32,204
3687,32,1020
3688,32,204
3689,32,228
3690,32,204
3691,32,208
3692,32,208
3693,32,208
3694,32,200
3695,32,208
3696,32,212
3697,32,204
3698,32,240
3699,32,204
3700,32,208
3701,32,204
3702,32,204
3703,32,200
3704,32,204
3705,32,224
3706,32,208
3707,32,204
3708,32,208
3709,32,236
3710,32,204
3711,32,208
3712,32,208
3713,32,212
3714,32,208
3715,32,1020
3716,32,204
3717,32,208
3718,32,208
3719,32,216
3720,32,220
3721,32,200
3722,32,208
3723,32,204
3724,32,220
3725,32,208
3726,32,208
3727,32,204
3728,32,204
3729,32,240
3730,32,204
3731,32,204
3732,32,208
3733,32,204
3734,32,204
3735,32,208
3736,32,208
3737,32,208
3738,32,208
3739,32,200
3740,32,208
3741,32,208
3742,32,212
3743,32,240
3744,32,216
3745,32,208
3746,32,200
3747,32,204
3748,32,204
3749,32,204
3750,32,240
3751,32,208
3752,32,208
3753,32,212
3754,32,208
3755,32,204
3756,32,216
3757,32,208
3758,32,204
3759,32,224
3760,32,208
3761,32,204
3762,32,1084
3763,32,204
3764,32,208
3765,32,204
3766,32,224
3767,32,240
3768,32,208
3769,32,204
3770,32,828
3771,32,208
3772,32,204
3773,32,212
3774,32,208
3775,32,212
3776,32,200
3777,32,204
3778,32,220
3779,32,236
3780,32,208
3781,32,208
3782,32,208
3783,32,204
3784,32,212
3785,32,208
3786,32,220
3787,32,204
3788,32,200
3789,32,220
3790,32,204
3791,32,204
3792,32,208
3793,32,208
3794,32,204
3795,32,204
3796,32,204
3797,32,200
3798,32,208
3799,32,204
3800,32,208
3801,32,204
3802,32,208
3803,32,200
3804,32,212
3805,32,220
3806,32,208
3807,32,224
3808,32,236
3809,32,204
3810,32,204
3811,32,208
3812,32,204
3813,32,208
3814,32,204
3815,32,212
3816,32,212
3817,32,208
3818,32,208
3819,32,208
3820,32,204
3821,32,216
3822,32,212
3823,32,204
3824,32,212
3825,32,212
3826,32,208
3827,32,208
3828,32,224
3829,32,208
3830,32,204
3831,32,204
3832,32,208
3833,32,204
3834,32,204
3835,32,208
3836,32,208
3837,32,212
3838,32,204
3839,32,216
3840,32,208
3841,32,208
3842,32,208
3843,32,204
3844,32,204
3845,32,208
3846,32,208
3847,32,204
3848,32,208
3849,32,208
3850,32,208
3851,32,208
3852,32,208
3853,32,204
3854,32,212
3855,32,212
3856,32,208
3857,32,244
3858,32,204
3859,32,244
3860,32,204
3861,32,212
3862,32,208
3863,32,220
3864,32,208
3865,32,204
3866,32,208
3867,32,208
3868,32,236
3869,32,208
3870,32,208
3871,32,204
3872,32,204
3873,32,208
3874,32,204
3875,32,208
3876,32,208
3877,32,220
3878,32,204
3879,32,208
3880,32,244
3881,32,204
3882,32,208
3883,32,208
3884,32,204
3885,32,208
3886,32,204
3887,32,208
3888,32,208
3889,32,208
3890,32,212
3891,32,208
3892,32,240
3893,32,208
3894,32,204
3895,32,204
3896,32,208
3897,32,204
3898,32,224
3899,32,204
3900,32,208
3901,32,208
3902,32,208
3903,32,204
3904,32,204
3905,32,208
3906,32,208
3907,32,220
3908,32,836
3909,32,204
3910,32,204
3911,32,208
3912,32,208
3913,32,204
3914,32,204
3915,32,208
3916,32,204
3917,32,204
3918,32,208
3919,32,204
3920,32,212
3921,32,208
3922,32,204
3923,32,208
3924,32,208
3925,32,208
3926,32,240
3927,32,212
3928,32,208
3929,32,244
3930,32,208
3931,32,204
3932,32,208
3933,32,208
3934,32,208
3935,32,208
3936,32,212
3937,32,208
3938,32,224
3939,32,204
3940,32,212
3941,32,244
3942,32,204
3943,32,216
3944,32,244
3945,32,208
3946,32,208
3947,32,212
3948,32,208
3949,32,208
3950,32,208
3951,32,200
3952,32,212
3953,32,208
3954,32,208
3955,32,208
3956,32,204
3957,32,212
3958,32,208
3959,32,208
3960,32,244
3961,32,204
3962,32,948
3963,32,212
3964,32,208
3965,32,208
3966,32,204
3967,32,224
3968,32,208
3969,32,208
3970,32,208
3971,32,208
3972,32,204
3973,32,220
3974,32,208
3975,32,208
3976,32,204
3977,32,204
3978,32,204
3979,32,220
3980,32,204
3981,32,204
3982,32,204
3983,32,216
3984,32,204
3985,32,208
3986,32,208
3987,32,204
3988,32,236
3989,32,208
3990,32,244
3991,32,204
3992,32,212
3993,32,200
3994,32,948
3995,32,208
3996,32,204
3997,32,216
3998,32,244
3999,32,200
4000,32,208
4001,32,240
4002,32,208
4003,32,208
4004,32,208
4005,32,204
4006,32,208
4007,32,204
4008,32,220
4009,32,212
4010,32,216
4011,32,212
4012,32,208
4013,32,208
4014,32,204
4015,32,216
4016,32,204
4017,32,212
4018,32,200
4019,32,208
4020,32,212
4021,32,212
4022,32,204
4023,32,208
4024,32,244
4025,32,204
4026,32,208
4027,32,208
4028,32,208
4029,32,204
4030,32,208
4031,32,212
4032,32,208
4033,32,244
4034,32,212
4035,32,208
4036,32,208
4037,32,204
4038,32,208
4039,32,204
4040,32,220
4041,32,208
4042,32,240
4043,32,204
4044,32,208
4045,32,200
4046,32,208
4047,32,220
4048,32,204
4049,32,208
4050,32,208
4051,32,208
4052,32,220
4053,32,212
4054,32,224
4055,32,208
4056,32,208
4057,32,212
4058,32,204
4059,32,204
4060,32,208
4061,32,204
4062,32,784
4063,32,772
4064,32,208
4065,32,240
4066,32,204
4067,32,208
4068,32,204
4069,32,208
4070,32,204
4071,32,200
4072,32,208
4073,32,208
4074,32,204
4075,32,220
4076,32,248
4077,32,208
4078,32,212
4079,32,216
4080,32,216
4081,32,204
4082,32,212
4083,32,204
4084,32,220
4085,32,208
4086,32,204
4087,32,244
4088,32,204
4089,32,204
4090,32,952
4091,32,208
4092,32,212
4093,32,216
4094,32,212
4095,32,204
4096,32,208
4097,32,204
4098,32,204
4099,32,204
4100,32,1076
4101,32,208
4102,32,208
4103,32,200
4104,32,240
4105,32,200
4106,32,212
4107,32,208
4108,32,232
4109,32,208
4110,32,208
4111,32,204
4112,32,208
4113,32,216
4114,32,220
4115,32,220
4116,32,204
4117,32,208
4118,32,216
4119,32,208
4120,32,244
4121,32,204
4122,32,212
4123,32,208
4124,32,240
4125,32,204
4126,32,200
4127,32,212
4128,32,208
4129,32,204
4130,32,204
4131,32,220
4132,32,212
4133,32,208
4134,32,204
4135,32,208
4136,32,212
4137,32,208
4138,32,204
4139,32,204
4140,32,204
4141,32,208
4142,32,208
4143,32,204
4144,32,220
4145,32,220
4146,32,208
4147,32,208
4148,32,244
4149,32,204
4150,32,220
4151,32,204
4152,32,200
4153,32,228
4154,32,204
4155,32,204
4156,32,208
4157,32,208
4158,32,204
4159,32,208
4160,32,204
4161,32,204
4162,32,220
4163,32,992
4164,32,212
4165,32,208
4166,32,208
4167,32,204
4168,32,200
4169,32,208
4170,32,208
4171,32,208
4172,32,204
4173,32,220
4174,32,204
4175,32,208
4176,32,204
4177,32,208
4178,32,200
4179,32,208
4180,32,220
4181,32,208
4182,32,204
4183,32,208
4184,32,208
4185,32,208
4186,32,200
4187,32,208
4188,32,244
4189,32,204
4190,32,204
4191,32,208
4192,32,208
4193,32,204
4194,32,1036
4195,32,208
4196,32,216
4197,32,216
4198,32,208
4199,32,200
4200,32,212
4201,32,208
4202,32,204
4203,32,216
4204,32,220
4205,32,208
4206,32,204
4207,32,212
4208,32,208
4209,32,208
4210,32,252
4211,32,212
4212,32,204
4213,32,212
4214,32,208
4215,32,204
4216,32,212
4217,32,240
4218,32,1212
4219,32,208
4220,32,220
4221,32,208
4222,32,240
4223,32,204
4224,32,208
4225,32,208
4226,32,204
4227,32,208
4228,32,208
4229,32,244
4230,32,208
4231,32,212
4232,32,212
4233,32,208
4234,32,204
4235,32,208
4236,32,204
4237,32,208
4238,32,208
4239,32,208
4240,32,208
4241,32,200
4242,32,240
4243,32,204
4244,32,204
4245,32,204
4246,32,208
4247,32,212
4248,32,204
4249,32,244
4250,32,204
4251,32,208
4252,32,208
4253,32,208
4254,32,208
4255,32,200
4256,32,216
4257,32,208
4258,32,208
4259,32,208
4260,32,204
4261,32,212
4262,32,244
4263,32,208
4264,32,220
4265,32,208
4266,32,208
4267,32,244
4268,32,204
4269,32,204
4270,32,204
4271,32,240
4272,32,204
4273,32,204
4274,32,200
4275,32,492
4276,32,212
4277,32,208
4278,32,212
4279,32,200
4280,32,208
4281,32,212
4282,32,208
4283,32,212
4284,32,208
4285,32,204
4286,32,208
4287,32,204
4288,32,216
4289,32,220
4290,32,208
4291,32,204
4292,32,244
4293,32,928
4294,32,208
4295,32,208
4296,32,204
4297,32,208
4298,32,784
4299,32,240
4300,32,204
4301,32,204
4302,32,204
4303,32,216
4304,32,208
4305,32,204
4306,32,204
4307,32,224
4308,32,208
4309,32,208
4310,32,208
4311,32,208
4312,32,220
4313,32,212
4314,32,204
4315,32,208
4316,32,212
4317,32,208
4318,32,204
4319,32,204
4320,32,244
4321,32,204
4322,32,204
4323,32,204
4324,32,204
4325,32,208
4326,32,204
4327,32,204
4328,32,1096
4329,32,212
4330,32,204
4331,32,208
4332,32,224
4333,32,204
4334,32,208
4335,32,204
4336,32,208
4337,32,208
4338,32,204
4339,32,204
4340,32,204
4341,32,200
4342,32,224
4343,32,212
4344,32,208
4345,32,244
4346,32,212
4347,32,204
4348,32,216
4349,32,200
4350,32,208
4351,32,208
4352,32,208
4353,32,220
4354,32,204
4355,32,208
4356,32,212
4357,32,200
4358,32,208
4359,32,208
4360,32,208
4361,32,208
4362,32,208
4363,32,208
4364,32,212
4365,32,208
4366,32,212
4367,32,208
4368,32,204
4369,32,204
4370,32,208
4371,32,204
4372,32,208
4373,32,216
4374,32,244
4375,32,204
4376,32,208
4377,32,208
4378,32,212
4379,32,208
4380,32,220
4381,32,224
4382,32,992
4383,32,964
4384,32,208
4385,32,204
4386,32,208
4387,32,208
4388,32,200
4389,32,204
4390,32,208
4391,32,204
4392,32,208
4393,32,204
4394,32,208
4395,32,204
4396,32,204
4397,32,204
4398,32,240
4399,32,204
4400,32,208
4401,32,204
4402,32,208
4403,32,232
4404,32,216
4405,32,216
4406,32,208
4407,32,204
4408,32,212
4409,32,204
4410,32,244
4411,32,228
4412,32,204
4413,32,204
4414,32,220
4415,32,208
4416,32,204
4417,32,216
4418,32,240
4419,32,204
4420,32,212
4421,32,212
4422,32,204
4423,32,248
4424,32,208
4425,32,204
4426,32,208
4427,32,204
4428,32,204
4429,32,200
4430,32,1088
4431,32,208
4432,32,220
4433,32,220
4434,32,204
4435,32,204
4436,32,208
4437,32,204
4438,32,244
4439,32,208
4440,32,208
4441,32,216
4442,32,208
4443,32,976
4444,32,204
4445,32,208
4446,32,208
4447,32,204
4448,32,208
4449,32,204
4450,32,220
4451,32,208
4452,32,208
4453,32,228
4454,32,204
4455,32,208
4456,32,208
4457,32,204
4458,32,208
4459,32,204
4460,32,212
4461,32,208
4462,32,204
4463,32,208
4464,32,208
4465,32,244
4466,32,208
4467,32,204
4468,32,204
4469,32,208
4470,32,204
4471,32,208
4472,32,208
4473,32,208
4474,32,208
4475,32,204
4476,32,204
4477,32,208
4478,32,204
4479,32,204
4480,32,208
4481,32,212
4482,32,204
4483,32,228
4484,32,220
4485,32,204
4486,32,204
4487,32,204
4488,32,204
4489,32,208
4490,32,208
4491,32,212
4492,32,208
4493,32,204
4494,32,208
4495,32,244
4496,32,208
4497,32,208
4498,32,208
4499,32,240
4500,32,204
4501,32,208
4502,32,240
4503,32,220
4504,32,208
4505,32,204
4506,32,204
4507,32,204
4508,32,208
4509,32,208
4510,32,212
4511,32,204
4512,32,212
4513,32,208
4514,32,208
4515,32,204
4516,32,208
4517,32,208
4518,32,208
4519,32,208
4520,32,216
4521,32,208
4522,32,204
4523,32,224
4524,32,208
4525,32,252
4526,32,204
4527,32,208
4528,32,208
4529,32,1208
4530,32,204
4531,32,204
4532,32,208
4533,32,208
4534,32,208
4535,32,200
4536,32,212
4537,32,240
4538,32,220
4539,32,208
4540,32,200
4541,32,204
4542,32,208
4543,32,208
4544,32,212
4545,32,208
4546,32,208
4547,32,208
4548,32,208
4549,32,208
4550,32,208
4551,32,208
4552,32,204
4553,32,208
4554,32,208
4555,32,204
4556,32,208
4557,32,204
4558,32,220
4559,32,228
4560,32,208
4561,32,204
4562,32,208
4563,32,200
4564,32,216
4565,32,208
4566,32,216
4567,32,204
4568,32,212
4569,32,208
4570,32,204
4571,32,204
4572,32,204
4573,32,204
4574,32,200
4575,32,200
4576,32,240
4577,32,204
4578,32,204
4579,32,204
4580,32,204
4581,32,216
4582,32,208
4583,32,204
4584,32,208
4585,32,204
4586,32,204
4587,32,204
4588,32,208
4589,32,204
4590,32,204
4591,32,208
4592,32,204
4593,32,208
4594,32,212
4595,32,204
4596,32,208
4597,32,208
4598,32,236
4599,32,208
4600,32,204
4601,32,204
4602,32,204
4603,32,200
4604,32,1084
4605,32,220
4606,32,208
4607,32,204
4608,32,208
4609,32,204
4610,32,208
4611,32,208
4612,32,216
4613,32,212
4614,32,208
4615,32,204
4616,32,208
4617,32,208
4618,32,1008
4619,32,208
4620,32,204
4621,32,208
4622,32,208
4623,32,208
4624,32,212
4625,32,712
4626,32,204
4627,32,208
4628,32,208
4629,32,212
4630,32,208
4631,32,208
4632,32,208
4633,32,1024
4634,32,216
4635,32,208
4636,32,208
4637,32,204
4638,32,208
4639,32,236
4640,32,208
4641,32,208
4642,32,220
4643,32,204
4644,32,208
4645,32,208
4646,32,208
4647,32,204
4648,32,208
4649,32,200
4650,32,208
4651,32,204
4652,32,208
4653,32,208
4654,32,208
4655,32,200
4656,32,208
4657,32,208
4658,32,240
4659,32,212
4660,32,212
4661,32,208
4662,32,212
4663,32,208
4664,32,204
4665,32,212
4666,32,208
4667,32,208
4668,32,224
4669,32,240
4670,32,208
4671,32,204
4672,32,212
4673,32,232
4674,32,208
4675,32,208
4676,32,208
4677,32,208
4678,32,204
4679,32,204
4680,32,208
4681,32,208
4682,32,204
4683,32,208
4684,32,200
4685,32,208
4686,32,208
4687,32,204
4688,32,204
4689,32,212
4690,32,208
4691,32,204
4692,32,1152
4693,32,204
4694,32,204
4695,32,208
4696,32,208
4697,32,208
4698,32,204
4699,32,204
4700,32,216
4701,32,208
4702,32,204
4703,32,204
4704,32,236
4705,32,208
4706,32,208
4707,32,204
4708,32,204
4709,32,204
4710,32,208
4711,32,200
4712,32,200
4713,32,208
4714,32,204
4715,32,204
4716,32,208
4717,32,204
4718,32,684
4719,32,212
4720,32,204
4721,32,204
4722,32,240
4723,32,204
4724,32,208
4725,32,208
4726,32,204
4727,32,204
4728,32,204
4729,32,208
4730,32,204
4731,32,208
4732,32,220
4733,32,212
4734,32,224
4735,32,208
4736,32,240
4737,32,208
4738,32,204
4739,32,200
4740,32,208
4741,32,204
4742,32,204
4743,32,208
4744,32,204
4745,32,208
4746,32,208
4747,32,208
4748,32,212
4749,32,200
4750,32,212
4751,32,208
4752,32,208
4753,32,208
4754,32,208
4755,32,240
4756,32,208
4757,32,204
4758,32,208
4759,32,208
4760,32,204
4761,32,200
4762,32,260
4763,32,204
4764,32,208
4765,32,236
4766,32,244
4767,32,200
4768,32,204
4769,32,208
4770,32,204
4771,32,204
4772,32,208
4773,32,216
4774,32,208
4775,32,208
4776,32,200
4777,32,208
4778,32,208
4779,32,208
4780,32,204
4781,32,208
4782,32,228
4783,32,216
4784,32,220
4785,32,208
4786,32,208
4787,32,200
4788,32,244
4789,32,204
4790,32,208
4791,32,204
4792,32,208
4793,32,204
4794,32,240
4795,32,244
4796,32,208
4797,32,204
4798,32,204
4799,32,208
4800,32,204
4801,32,208
4802,32,204
4803,32,292
4804,32,204
4805,32,212
4806,32,204
4807,32,220
4808,32,204
4809,32,244
4810,32,208
4811,32,208
4812,32,204
4813,32,220
4814,32,1012
4815,32,204
4816,32,240
4817,32,208
4818,32,224
4819,32,208
4820,32,208
4821,32,208
4822,32,208
4823,32,208
4824,32,244
4825,32,208
4826,32,236
4827,32,240
4828,32,204
4829,32,208
4830,32,204
4831,32,204
4832,32,244
4833,32,208
4834,32,212
4835,32,204
4836,32,204
4837,32,208
4838,32,208
4839,32,208
4840,32,204
4841,32,204
4842,32,204
4843,32,208
4844,32,204
4845,32,200
4846,32,212
4847,32,204
4848,32,204
4849,32,208
4850,32,212
4851,32,204
4852,32,244
4853,32,208
4854,32,204
4855,32,208
4856,32,208
4857,32,212
4858,32,224
4859,32,208
4860,32,208
4861,32,204
4862,32,244
4863,32,204
4864,32,200
4865,32,204
4866,32,208
4867,32,216
4868,32,208
4869,32,204
4870,32,204
4871,32,220
4872,32,292
4873,32,204
4874,32,208
4875,32,208
4876,32,200
4877,32,728
4878,32,212
4879,32,220
4880,32,204
4881,32,208
4882,32,204
4883,32,944
4884,32,204
4885,32,212
4886,32,204
4887,32,208
4888,32,208
4889,32,204
4890,32,204
4891,32,208
4892,32,204
4893,32,208
4894,32,208
4895,32,208
4896,32,208
4897,32,204
4898,32,208
4899,32,208
4900,32,208
4901,32,200
4902,32,204
4903,32,212
4904,32,208
4905,32,204
4906,32,232
4907,32,212
4908,32,208
4909,32,208
4910,32,204
4911,32,208
4912,32,208
4913,32,208
4914,32,204
4915,32,204
4916,32,208
4917,32,208
4918,32,204
4919,32,208
4920,32,208
4921,32,360
4922,32,228
4923,32,204
4924,32,208
4925,32,208
4926,32,212
4927,32,208
4928,32,208
4929,32,244
4930,32,208
4931,32,208
4932,32,908
4933,32,204
4934,32,208
4935,32,208
4936,32,200
4937,32,208
4938,32,208
4939,32,208
4940,32,208
4941,32,208
4942,32,204
4943,32,208
4944,32,208
4945,32,216
4946,32,208
4947,32,208
4948,32,204
4949,32,204
4950,32,212
4951,32,204
4952,32,220
4953,32,208
4954,32,240
4955,32,208
4956,32,204
4957,32,220
4958,32,212
4959,32,200
4960,32,208
4961,32,204
4962,32,204
4963,32,220
4964,32,208
4965,32,240
4966,32,204
4967,32,208
4968,32,200
4969,32,224
4970,32,204
4971,32,240
4972,32,216
4973,32,208
4974,32,208
4975,32,208
4976,32,208
4977,32,212
4978,32,220
4979,32,208
4980,32,220
4981,32,200
4982,32,208
4983,32,212
4984,32,204
4985,32,204
4986,32,220
4987,32,208
4988,32,244
4989,32,212
4990,32,208
4991,32,204
4992,32,208
4993,32,208
4994,32,204
4995,32,244
4996,32,204
4997,32,204
4998,32,208
4999,32,204
